Using pre-set license
Built from '6000.0/staging' branch; Version is '6000.0.53f1 (283510a092d9) revision 2635024'; Using compiler version '193933523'; Build Type 'Release'
OS: 'Windows 11  (10.0.26200) 64bit CoreSingleLanguage' Language: 'en' Physical Memory: 16068 MB
BatchMode: 1, IsHumanControllingUs: 0, StartBugReporterOnCrash: 0, Is64bit: 1
Date: 2026-05-20T16:30:07Z

COMMAND LINE ARGUMENTS:
C:\Program Files\Unity\Hub\Editor\6000.0.53f1\Editor\Unity.exe
-adb2
-batchMode
-noUpm
-name
AssetImportWorker2
-projectPath
C:/Users/Ntando/OneDrive/Documents/GitHub/Carry-On-Game/Carry-On Game
-logFile
Logs/AssetImportWorker2.log
-srvPort
55765
-job-worker-count
9
-background-job-worker-count
8
-gc-helper-count
1
Successfully changed project path to: C:/Users/Ntando/OneDrive/Documents/GitHub/Carry-On-Game/Carry-On Game
C:/Users/Ntando/OneDrive/Documents/GitHub/Carry-On-Game/Carry-On Game
[UnityMemory] Configuration Parameters - Can be set up in boot.config
    "memorysetup-bucket-allocator-granularity=16"
    "memorysetup-bucket-allocator-bucket-count=8"
    "memorysetup-bucket-allocator-block-size=33554432"
    "memorysetup-bucket-allocator-block-count=8"
    "memorysetup-main-allocator-block-size=16777216"
    "memorysetup-thread-allocator-block-size=16777216"
    "memorysetup-gfx-main-allocator-block-size=16777216"
    "memorysetup-gfx-thread-allocator-block-size=16777216"
    "memorysetup-cache-allocator-block-size=4194304"
    "memorysetup-typetree-allocator-block-size=2097152"
    "memorysetup-profiler-bucket-allocator-granularity=16"
    "memorysetup-profiler-bucket-allocator-bucket-count=8"
    "memorysetup-profiler-bucket-allocator-block-size=33554432"
    "memorysetup-profiler-bucket-allocator-block-count=8"
    "memorysetup-profiler-allocator-block-size=16777216"
    "memorysetup-profiler-editor-allocator-block-size=1048576"
    "memorysetup-temp-allocator-size-main=16777216"
    "memorysetup-job-temp-allocator-block-size=2097152"
    "memorysetup-job-temp-allocator-block-size-background=1048576"
    "memorysetup-job-temp-allocator-reduction-small-platforms=262144"
    "memorysetup-allocator-temp-initial-block-size-main=262144"
    "memorysetup-allocator-temp-initial-block-size-worker=262144"
    "memorysetup-temp-allocator-size-background-worker=32768"
    "memorysetup-temp-allocator-size-job-worker=262144"
    "memorysetup-temp-allocator-size-preload-manager=33554432"
    "memorysetup-temp-allocator-size-nav-mesh-worker=65536"
    "memorysetup-temp-allocator-size-audio-worker=65536"
    "memorysetup-temp-allocator-size-cloud-worker=32768"
    "memorysetup-temp-allocator-size-gi-baking-worker=262144"
    "memorysetup-temp-allocator-size-gi-baking-worker=262144"
    "memorysetup-temp-allocator-size-gi-baking-worker=262144"
    "memorysetup-temp-allocator-size-gi-baking-worker=262144"
    "memorysetup-temp-allocator-size-gi-baking-worker=262144"
    "memorysetup-temp-allocator-size-gfx=262144"
Player connection [42344]  Target information:

Player connection [42344]  * "[IP] 10.196.196.18 [Port] 0 [Flags] 2 [Guid] 1923630946 [EditorId] 1923630946 [Version] 1048832 [Id] WindowsEditor(7,Ntandokathixo) [Debug] 1 [PackageName] WindowsEditor [ProjectName] Editor" 

Player connection [42344] Host joined multi-casting on [225.0.0.222:54997]...
Player connection [42344] Host joined alternative multi-casting on [225.0.0.222:34997]...
JobSystem: Creating JobQueue using job-worker-count value 9
Input System module state changed to: Initialized.
[Physics::Module] Initialized fallback backend.
[Physics::Module] Id: 0xdecafbad
Library Redirect Path: Library/
[Physics::Module] Selected backend.
[Physics::Module] Name: PhysX
[Physics::Module] Id: 0xf2b8ea05
[Physics::Module] SDK Version: 4.1.2
[Physics::Module] Integration Version: 1.0.0
[Physics::Module] Threading Mode: Multi-Threaded
Refreshing native plugins compatible for Editor in 28.75 ms, found 4 plugins.
Preloading 0 native plugins for Editor in 0.00 ms.
Initialize engine version: 6000.0.53f1 (283510a092d9)
[Subsystems] Discovering subsystems at path C:/Program Files/Unity/Hub/Editor/6000.0.53f1/Editor/Data/Resources/UnitySubsystems
[Subsystems] Discovering subsystems at path C:/Users/Ntando/OneDrive/Documents/GitHub/Carry-On-Game/Carry-On Game/Assets
GfxDevice: creating device client; kGfxThreadingModeNonThreaded
Direct3D:
    Version:  Direct3D 11.0 [level 11.1]
    Renderer: Intel(R) UHD Graphics (ID=0xa78b)
    Vendor:   Intel
    VRAM:     8034 MB
    Driver:   32.0.101.7084
Initialize mono
Mono path[0] = 'C:/Program Files/Unity/Hub/Editor/6000.0.53f1/Editor/Data/Managed'
Mono path[1] = 'C:/Program Files/Unity/Hub/Editor/6000.0.53f1/Editor/Data/MonoBleedingEdge/lib/mono/unityjit-win32'
Mono config path = 'C:/Program Files/Unity/Hub/Editor/6000.0.53f1/Editor/Data/MonoBleedingEdge/etc'
Using monoOptions --debugger-agent=transport=dt_socket,embedding=1,server=y,suspend=n,address=127.0.0.1:56508
Begin MonoManager ReloadAssembly
Registering precompiled unity dll's ...
Register platform support module: C:/Program Files/Unity/Hub/Editor/6000.0.53f1/Editor/Data/PlaybackEngines/WindowsStandaloneSupport/UnityEditor.WindowsStandalone.Extensions.dll
Register platform support module: C:/Program Files/Unity/Hub/Editor/6000.0.53f1/Editor/Data/PlaybackEngines/AndroidPlayer/UnityEditor.Android.Extensions.dll
Registered in 0.009216 seconds.
- Loaded All Assemblies, in  0.514 seconds
Native extension for Android target not found
Android Extension - Scanning For ADB Devices 996 ms
Native extension for WindowsStandalone target not found
Mono: successfully reloaded assembly
- Finished resetting the current domain, in  1.443 seconds
Domain Reload Profiling: 1954ms
	BeginReloadAssembly (215ms)
		ExecutionOrderSort (0ms)
		DisableScriptedObjects (0ms)
		BackupInstance (0ms)
		ReleaseScriptingObjects (0ms)
		CreateAndSetChildDomain (1ms)
	RebuildCommonClasses (40ms)
	RebuildNativeTypeToScriptingClass (13ms)
	initialDomainReloadingComplete (70ms)
	LoadAllAssembliesAndSetupDomain (173ms)
		LoadAssemblies (210ms)
		RebuildTransferFunctionScriptingTraits (0ms)
		AnalyzeDomain (168ms)
			TypeCache.Refresh (166ms)
				TypeCache.ScanAssembly (152ms)
			BuildScriptInfoCaches (0ms)
			ResolveRequiredComponents (1ms)
	FinalizeReload (1444ms)
		ReleaseScriptCaches (0ms)
		RebuildScriptCaches (0ms)
		SetupLoadedEditorAssemblies (1373ms)
			LogAssemblyErrors (0ms)
			InitializePlatformSupportModulesInManaged (1090ms)
			SetLoadedEditorAssemblies (4ms)
			BeforeProcessingInitializeOnLoad (99ms)
			ProcessInitializeOnLoadAttributes (130ms)
			ProcessInitializeOnLoadMethodAttributes (51ms)
			AfterProcessingInitializeOnLoad (0ms)
			EditorAssembliesLoaded (0ms)
		ExecutionOrderSort2 (0ms)
		AwakeInstancesAfterBackupRestoration (0ms)
========================================================================
Worker process is ready to serve import requests
Import Worker Mode flag is 0x00
Begin MonoManager ReloadAssembly
- Loaded All Assemblies, in  1.255 seconds
Refreshing native plugins compatible for Editor in 3.81 ms, found 4 plugins.
Native extension for Android target not found
Native extension for WindowsStandalone target not found
Mono: successfully reloaded assembly
- Finished resetting the current domain, in  2.223 seconds
Domain Reload Profiling: 3471ms
	BeginReloadAssembly (212ms)
		ExecutionOrderSort (0ms)
		DisableScriptedObjects (7ms)
		BackupInstance (0ms)
		ReleaseScriptingObjects (0ms)
		CreateAndSetChildDomain (30ms)
	RebuildCommonClasses (44ms)
	RebuildNativeTypeToScriptingClass (13ms)
	initialDomainReloadingComplete (51ms)
	LoadAllAssembliesAndSetupDomain (926ms)
		LoadAssemblies (579ms)
		RebuildTransferFunctionScriptingTraits (0ms)
		AnalyzeDomain (465ms)
			TypeCache.Refresh (321ms)
				TypeCache.ScanAssembly (295ms)
			BuildScriptInfoCaches (118ms)
			ResolveRequiredComponents (20ms)
	FinalizeReload (2224ms)
		ReleaseScriptCaches (0ms)
		RebuildScriptCaches (0ms)
		SetupLoadedEditorAssemblies (1839ms)
			LogAssemblyErrors (0ms)
			InitializePlatformSupportModulesInManaged (38ms)
			SetLoadedEditorAssemblies (13ms)
			BeforeProcessingInitializeOnLoad (372ms)
			ProcessInitializeOnLoadAttributes (1054ms)
			ProcessInitializeOnLoadMethodAttributes (345ms)
			AfterProcessingInitializeOnLoad (16ms)
			EditorAssembliesLoaded (1ms)
		ExecutionOrderSort2 (0ms)
		AwakeInstancesAfterBackupRestoration (21ms)
Launched and connected shader compiler UnityShaderCompiler.exe after 0.05 seconds
Refreshing native plugins compatible for Editor in 11.82 ms, found 4 plugins.
Preloading 0 native plugins for Editor in 0.00 ms.
Unloading 227 Unused Serialized files (Serialized files now loaded: 0)
Unloading 6766 unused Assets / (6.6 MB). Loaded Objects now: 7449.
Memory consumption went from 179.0 MB to 172.4 MB.
Total: 14.186500 ms (FindLiveObjects: 0.779500 ms CreateObjectMapping: 0.415200 ms MarkObjects: 8.056900 ms  DeleteObjects: 4.932200 ms)

========================================================================
Received Import Request.
  Time since last request: 1113400.268168 seconds.
  path: Assets/Images/S6(12).png
  artifactKey: Guid(12321da5be7e23c47aeeab8e100fb272) Importer(815301076,1909f56bfc062723c751e8b465ee728b)
Start importing Assets/Images/S6(12).png using Guid(12321da5be7e23c47aeeab8e100fb272) Importer(815301076,1909f56bfc062723c751e8b465ee728b) (PreviewImporter) -> (artifact id: '0f58c78d305c5df4140fc4da669bdd9d') in 0.1309281 seconds
Number of updated asset objects reloaded before import = 0Number of asset objects unloaded after import = 4

========================================================================
Received Import Request.
  Time since last request: 229.755111 seconds.
  path: Assets/Scenes/Scene2.unity
  artifactKey: Guid(afe18e1bfae2ee54695f36bc02d52193) Importer(815301076,1909f56bfc062723c751e8b465ee728b)
Start importing Assets/Scenes/Scene2.unity using Guid(afe18e1bfae2ee54695f36bc02d52193) Importer(815301076,1909f56bfc062723c751e8b465ee728b) (PreviewImporter) -> (artifact id: '40c87aabbd7e6e7d65748245cadbb267') in 0.0034808 seconds
Number of updated asset objects reloaded before import = 0Number of asset objects unloaded after import = 0

========================================================================
Received Import Request.
  Time since last request: 57.895593 seconds.
  path: Assets/Images/S7(12).png
  artifactKey: Guid(ddd4062555c66dd4da7f73a4dfd4699c) Importer(815301076,1909f56bfc062723c751e8b465ee728b)
Start importing Assets/Images/S7(12).png using Guid(ddd4062555c66dd4da7f73a4dfd4699c) Importer(815301076,1909f56bfc062723c751e8b465ee728b) (PreviewImporter) -> (artifact id: '541aa02e94bf31a8ca72e7b421760bb8') in 0.02705 seconds
Number of updated asset objects reloaded before import = 0Number of asset objects unloaded after import = 3

========================================================================
Received Import Request.
  Time since last request: 0.000018 seconds.
  path: Assets/Images/S9(12).png
  artifactKey: Guid(727060d8776f5ed4a874c41e0c354223) Importer(815301076,1909f56bfc062723c751e8b465ee728b)
Start importing Assets/Images/S9(12).png using Guid(727060d8776f5ed4a874c41e0c354223) Importer(815301076,1909f56bfc062723c751e8b465ee728b) (PreviewImporter) -> (artifact id: 'c92cfd31b2f7de14b278557813e909bf') in 0.0189402 seconds
Number of updated asset objects reloaded before import = 0Number of asset objects unloaded after import = 4

========================================================================
Received Import Request.
  Time since last request: 43.414767 seconds.
  path: Assets/Scenes/Scene2.unity
  artifactKey: Guid(afe18e1bfae2ee54695f36bc02d52193) Importer(815301076,1909f56bfc062723c751e8b465ee728b)
Start importing Assets/Scenes/Scene2.unity using Guid(afe18e1bfae2ee54695f36bc02d52193) Importer(815301076,1909f56bfc062723c751e8b465ee728b) (PreviewImporter) -> (artifact id: '7d137dad0c7a8b1d0e5f59946be7100d') in 0.0028743 seconds
Number of updated asset objects reloaded before import = 0Number of asset objects unloaded after import = 0

========================================================================
Received Import Request.
  Time since last request: 155.844218 seconds.
  path: Assets/Scenes/Scene2.unity
  artifactKey: Guid(afe18e1bfae2ee54695f36bc02d52193) Importer(815301076,1909f56bfc062723c751e8b465ee728b)
Start importing Assets/Scenes/Scene2.unity using Guid(afe18e1bfae2ee54695f36bc02d52193) Importer(815301076,1909f56bfc062723c751e8b465ee728b) (PreviewImporter) -> (artifact id: '93da160bb824f897c8da6ea85a8fae38') in 0.0006981 seconds
Number of updated asset objects reloaded before import = 0Number of asset objects unloaded after import = 0

========================================================================
Received Import Request.
  Time since last request: 800.607613 seconds.
  path: Assets/Prefabs/Luggage_Yellow 1.prefab
  artifactKey: Guid(418101835ed67cc48831e41a8395fdd6) Importer(815301076,1909f56bfc062723c751e8b465ee728b)
Start importing Assets/Prefabs/Luggage_Yellow 1.prefab using Guid(418101835ed67cc48831e41a8395fdd6) Importer(815301076,1909f56bfc062723c751e8b465ee728b) (PreviewImporter) -> (artifact id: '85fba9f8a6369706ebf58ca176a361b3') in 0.4101139 seconds
Number of updated asset objects reloaded before import = 0Number of asset objects unloaded after import = 11

========================================================================
Received Import Request.
  Time since last request: 26.745416 seconds.
  path: Assets/Prefabs/Luggage_Yellow 1.prefab
  artifactKey: Guid(418101835ed67cc48831e41a8395fdd6) Importer(815301076,1909f56bfc062723c751e8b465ee728b)
Start importing Assets/Prefabs/Luggage_Yellow 1.prefab using Guid(418101835ed67cc48831e41a8395fdd6) Importer(815301076,1909f56bfc062723c751e8b465ee728b) (PreviewImporter) -> (artifact id: '20c519f0348f5b11cf6cd6600fe54d30') in 0.0116563 seconds
Number of updated asset objects reloaded before import = 0Number of asset objects unloaded after import = 11

========================================================================
Received Import Request.
  Time since last request: 16.135858 seconds.
  path: Assets/Prefabs/Luggage_YellowPolka.prefab
  artifactKey: Guid(418101835ed67cc48831e41a8395fdd6) Importer(815301076,1909f56bfc062723c751e8b465ee728b)
Start importing Assets/Prefabs/Luggage_YellowPolka.prefab using Guid(418101835ed67cc48831e41a8395fdd6) Importer(815301076,1909f56bfc062723c751e8b465ee728b) (PreviewImporter) -> (artifact id: '252ef5eb271398abcb219982b84ecdde') in 0.0068146 seconds
Number of updated asset objects reloaded before import = 0Number of asset objects unloaded after import = 11

========================================================================
Received Import Request.
  Time since last request: 11.075945 seconds.
  path: Assets/Prefabs/Luggage_Purple 1.prefab
  artifactKey: Guid(40917a1339b51d64f818f07cac67de2b) Importer(815301076,1909f56bfc062723c751e8b465ee728b)
Start importing Assets/Prefabs/Luggage_Purple 1.prefab using Guid(40917a1339b51d64f818f07cac67de2b) Importer(815301076,1909f56bfc062723c751e8b465ee728b) (PreviewImporter) -> (artifact id: 'e9f3b194595f169180c1d8e0cb9153fd') in 0.008816 seconds
Number of updated asset objects reloaded before import = 0Number of asset objects unloaded after import = 11

========================================================================
Received Import Request.
  Time since last request: 7.600622 seconds.
  path: Assets/Prefabs/Luggage_Purple 1.prefab
  artifactKey: Guid(40917a1339b51d64f818f07cac67de2b) Importer(815301076,1909f56bfc062723c751e8b465ee728b)
Start importing Assets/Prefabs/Luggage_Purple 1.prefab using Guid(40917a1339b51d64f818f07cac67de2b) Importer(815301076,1909f56bfc062723c751e8b465ee728b) (PreviewImporter) -> (artifact id: '9f42f455ead0a807f16932124ea97cab') in 0.0078279 seconds
Number of updated asset objects reloaded before import = 0Number of asset objects unloaded after import = 11

========================================================================
Received Import Request.
  Time since last request: 11.607658 seconds.
  path: Assets/Prefabs/Luggage_Purple 1.prefab
  artifactKey: Guid(40917a1339b51d64f818f07cac67de2b) Importer(815301076,1909f56bfc062723c751e8b465ee728b)
Start importing Assets/Prefabs/Luggage_Purple 1.prefab using Guid(40917a1339b51d64f818f07cac67de2b) Importer(815301076,1909f56bfc062723c751e8b465ee728b) (PreviewImporter) -> (artifact id: 'ff8ef9be6d94654e7ed7691af33c06ef') in 0.0068088 seconds
Number of updated asset objects reloaded before import = 0Number of asset objects unloaded after import = 11

========================================================================
Received Import Request.
  Time since last request: 16.012938 seconds.
  path: Assets/Prefabs/Luggage_PurplePolka.prefab
  artifactKey: Guid(40917a1339b51d64f818f07cac67de2b) Importer(815301076,1909f56bfc062723c751e8b465ee728b)
Start importing Assets/Prefabs/Luggage_PurplePolka.prefab using Guid(40917a1339b51d64f818f07cac67de2b) Importer(815301076,1909f56bfc062723c751e8b465ee728b) (PreviewImporter) -> (artifact id: '7aafff6a5fc558043858b18b6f05cce4') in 0.0072918 seconds
Number of updated asset objects reloaded before import = 0Number of asset objects unloaded after import = 11

========================================================================
Received Import Request.
  Time since last request: 91.946897 seconds.
  path: Assets/Images/PinkPolkaCarousel.png
  artifactKey: Guid(47a58748954e54e4c89053a4791db6d8) Importer(815301076,1909f56bfc062723c751e8b465ee728b)
Start importing Assets/Images/PinkPolkaCarousel.png using Guid(47a58748954e54e4c89053a4791db6d8) Importer(815301076,1909f56bfc062723c751e8b465ee728b) (PreviewImporter) -> (artifact id: '384be8440ed3cf144773418c3a4bc8a9') in 0.0138917 seconds
Number of updated asset objects reloaded before import = 0Number of asset objects unloaded after import = 3

========================================================================
Received Import Request.
  Time since last request: 0.000042 seconds.
  path: Assets/Images/RedPolkaCarousel.png
  artifactKey: Guid(f72c6461e78910149bed38be25fd598e) Importer(815301076,1909f56bfc062723c751e8b465ee728b)
Start importing Assets/Images/RedPolkaCarousel.png using Guid(f72c6461e78910149bed38be25fd598e) Importer(815301076,1909f56bfc062723c751e8b465ee728b) (PreviewImporter) -> (artifact id: 'b1523c69ab799d2d84ba36fd88270abf') in 0.0117225 seconds
Number of updated asset objects reloaded before import = 0Number of asset objects unloaded after import = 3

========================================================================
Received Import Request.
  Time since last request: 10.433798 seconds.
  path: Assets/Images/TealPolkaCarousel.png
  artifactKey: Guid(39550910843f6ef4ea7ada0e5f0a419e) Importer(815301076,1909f56bfc062723c751e8b465ee728b)
Start importing Assets/Images/TealPolkaCarousel.png using Guid(39550910843f6ef4ea7ada0e5f0a419e) Importer(815301076,1909f56bfc062723c751e8b465ee728b) (PreviewImporter) -> (artifact id: '9f6765502a6e5c890fc3a9462dbd771c') in 0.0088988 seconds
Number of updated asset objects reloaded before import = 0Number of asset objects unloaded after import = 3

========================================================================
Received Import Request.
  Time since last request: 585.146334 seconds.
  path: Assets/Scenes/Scene2.unity
  artifactKey: Guid(afe18e1bfae2ee54695f36bc02d52193) Importer(815301076,1909f56bfc062723c751e8b465ee728b)
Start importing Assets/Scenes/Scene2.unity using Guid(afe18e1bfae2ee54695f36bc02d52193) Importer(815301076,1909f56bfc062723c751e8b465ee728b) (PreviewImporter) -> (artifact id: '95724e647348ded8536fe37b07761515') in 0.0009857 seconds
Number of updated asset objects reloaded before import = 0Number of asset objects unloaded after import = 0

========================================================================
Received Import Request.
  Time since last request: 50.019123 seconds.
  path: Assets/Scenes/Scene2.unity
  artifactKey: Guid(afe18e1bfae2ee54695f36bc02d52193) Importer(815301076,1909f56bfc062723c751e8b465ee728b)
Start importing Assets/Scenes/Scene2.unity using Guid(afe18e1bfae2ee54695f36bc02d52193) Importer(815301076,1909f56bfc062723c751e8b465ee728b) (PreviewImporter) -> (artifact id: '9b8290caa7e52c2941c7b2e96a5dfc1c') in 0.0006671 seconds
Number of updated asset objects reloaded before import = 0Number of asset objects unloaded after import = 0

========================================================================
Received Import Request.
  Time since last request: 1142.805476 seconds.
  path: Assets/Scenes/Scene2.unity
  artifactKey: Guid(afe18e1bfae2ee54695f36bc02d52193) Importer(815301076,1909f56bfc062723c751e8b465ee728b)
Start importing Assets/Scenes/Scene2.unity using Guid(afe18e1bfae2ee54695f36bc02d52193) Importer(815301076,1909f56bfc062723c751e8b465ee728b) (PreviewImporter) -> (artifact id: 'ea2ee3911b3fc47fb59fe637410d4a8f') in 0.0009086 seconds
Number of updated asset objects reloaded before import = 0Number of asset objects unloaded after import = 0

========================================================================
Received Import Request.
  Time since last request: 354.630057 seconds.
  path: Assets/Scenes/Scene2.unity
  artifactKey: Guid(afe18e1bfae2ee54695f36bc02d52193) Importer(815301076,1909f56bfc062723c751e8b465ee728b)
Start importing Assets/Scenes/Scene2.unity using Guid(afe18e1bfae2ee54695f36bc02d52193) Importer(815301076,1909f56bfc062723c751e8b465ee728b) (PreviewImporter) -> (artifact id: '5b4b9e10ecdc218815424fad1f64a8b4') in 0.0013658 seconds
Number of updated asset objects reloaded before import = 0Number of asset objects unloaded after import = 0

========================================================================
Received Prepare
Refreshing native plugins compatible for Editor in 1.69 ms, found 4 plugins.
Preloading 0 native plugins for Editor in 0.00 ms.
Unloading 34 Unused Serialized files (Serialized files now loaded: 0)
Unloading 6754 unused Assets / (5.7 MB). Loaded Objects now: 7605.
Memory consumption went from 155.3 MB to 149.6 MB.
Total: 51.462400 ms (FindLiveObjects: 0.982700 ms CreateObjectMapping: 0.349500 ms MarkObjects: 46.670600 ms  DeleteObjects: 3.458000 ms)

Prepare: number of updated asset objects reloaded= 0
========================================================================
Received Prepare
Begin MonoManager ReloadAssembly
- Loaded All Assemblies, in  2.085 seconds
Refreshing native plugins compatible for Editor in 2.68 ms, found 4 plugins.
Native extension for Android target not found
Native extension for WindowsStandalone target not found
Mono: successfully reloaded assembly
- Finished resetting the current domain, in  0.969 seconds
Domain Reload Profiling: 3051ms
	BeginReloadAssembly (1041ms)
		ExecutionOrderSort (0ms)
		DisableScriptedObjects (308ms)
		BackupInstance (0ms)
		ReleaseScriptingObjects (1ms)
		CreateAndSetChildDomain (251ms)
	RebuildCommonClasses (47ms)
	RebuildNativeTypeToScriptingClass (14ms)
	initialDomainReloadingComplete (43ms)
	LoadAllAssembliesAndSetupDomain (937ms)
		LoadAssemblies (783ms)
		RebuildTransferFunctionScriptingTraits (0ms)
		AnalyzeDomain (343ms)
			TypeCache.Refresh (36ms)
				TypeCache.ScanAssembly (1ms)
			BuildScriptInfoCaches (273ms)
			ResolveRequiredComponents (18ms)
	FinalizeReload (970ms)
		ReleaseScriptCaches (0ms)
		RebuildScriptCaches (0ms)
		SetupLoadedEditorAssemblies (737ms)
			LogAssemblyErrors (0ms)
			InitializePlatformSupportModulesInManaged (16ms)
			SetLoadedEditorAssemblies (7ms)
			BeforeProcessingInitializeOnLoad (158ms)
			ProcessInitializeOnLoadAttributes (476ms)
			ProcessInitializeOnLoadMethodAttributes (71ms)
			AfterProcessingInitializeOnLoad (8ms)
			EditorAssembliesLoaded (0ms)
		ExecutionOrderSort2 (0ms)
		AwakeInstancesAfterBackupRestoration (17ms)
Refreshing native plugins compatible for Editor in 4.71 ms, found 4 plugins.
Preloading 0 native plugins for Editor in 0.00 ms.
Unloading 34 Unused Serialized files (Serialized files now loaded: 0)
Unloading 6765 unused Assets / (6.9 MB). Loaded Objects now: 7507.
Memory consumption went from 157.8 MB to 150.9 MB.
Total: 14.173600 ms (FindLiveObjects: 0.717200 ms CreateObjectMapping: 0.570900 ms MarkObjects: 6.945300 ms  DeleteObjects: 5.938700 ms)

Prepare: number of updated asset objects reloaded= 0
========================================================================
Received Prepare
Refreshing native plugins compatible for Editor in 1.43 ms, found 4 plugins.
Preloading 0 native plugins for Editor in 0.00 ms.
Unloading 34 Unused Serialized files (Serialized files now loaded: 0)
Unloading 6754 unused Assets / (6.7 MB). Loaded Objects now: 7507.
Memory consumption went from 157.9 MB to 151.2 MB.
Total: 11.987400 ms (FindLiveObjects: 0.603500 ms CreateObjectMapping: 0.712600 ms MarkObjects: 6.818700 ms  DeleteObjects: 3.850300 ms)

Prepare: number of updated asset objects reloaded= 0
========================================================================
Received Import Request.
  Time since last request: 284.233822 seconds.
  path: Assets/Scripts/BagType.cs
  artifactKey: Guid(49e319c90c5c53f4abcf6c120bc1de4d) Importer(815301076,1909f56bfc062723c751e8b465ee728b)
Start importing Assets/Scripts/BagType.cs using Guid(49e319c90c5c53f4abcf6c120bc1de4d) Importer(815301076,1909f56bfc062723c751e8b465ee728b) (PreviewImporter) -> (artifact id: 'aac1486fd62bb7d3a48b4d1c0c34e624') in 0.0056504 seconds
Number of updated asset objects reloaded before import = 0Number of asset objects unloaded after import = 0

========================================================================
Received Prepare
Begin MonoManager ReloadAssembly
- Loaded All Assemblies, in  0.781 seconds
Refreshing native plugins compatible for Editor in 1.28 ms, found 4 plugins.
Native extension for Android target not found
Native extension for WindowsStandalone target not found
Mono: successfully reloaded assembly
- Finished resetting the current domain, in  0.674 seconds
Domain Reload Profiling: 1453ms
	BeginReloadAssembly (239ms)
		ExecutionOrderSort (0ms)
		DisableScriptedObjects (23ms)
		BackupInstance (0ms)
		ReleaseScriptingObjects (0ms)
		CreateAndSetChildDomain (53ms)
	RebuildCommonClasses (31ms)
	RebuildNativeTypeToScriptingClass (10ms)
	initialDomainReloadingComplete (33ms)
	LoadAllAssembliesAndSetupDomain (465ms)
		LoadAssemblies (394ms)
		RebuildTransferFunctionScriptingTraits (0ms)
		AnalyzeDomain (178ms)
			TypeCache.Refresh (12ms)
				TypeCache.ScanAssembly (0ms)
			BuildScriptInfoCaches (152ms)
			ResolveRequiredComponents (10ms)
	FinalizeReload (674ms)
		ReleaseScriptCaches (0ms)
		RebuildScriptCaches (0ms)
		SetupLoadedEditorAssemblies (529ms)
			LogAssemblyErrors (0ms)
			InitializePlatformSupportModulesInManaged (11ms)
			SetLoadedEditorAssemblies (4ms)
			BeforeProcessingInitializeOnLoad (103ms)
			ProcessInitializeOnLoadAttributes (359ms)
			ProcessInitializeOnLoadMethodAttributes (46ms)
			AfterProcessingInitializeOnLoad (3ms)
			EditorAssembliesLoaded (0ms)
		ExecutionOrderSort2 (0ms)
		AwakeInstancesAfterBackupRestoration (10ms)
Refreshing native plugins compatible for Editor in 1.30 ms, found 4 plugins.
Preloading 0 native plugins for Editor in 0.00 ms.
Unloading 34 Unused Serialized files (Serialized files now loaded: 0)
Unloading 6765 unused Assets / (5.0 MB). Loaded Objects now: 7510.
Memory consumption went from 159.7 MB to 154.6 MB.
Total: 11.672400 ms (FindLiveObjects: 1.320800 ms CreateObjectMapping: 0.804800 ms MarkObjects: 6.906200 ms  DeleteObjects: 2.638600 ms)

Prepare: number of updated asset objects reloaded= 0
========================================================================
Received Import Request.
  Time since last request: 20.711879 seconds.
  path: Assets/Scripts/SwitchController.cs
  artifactKey: Guid(2fccba9776a0cad459943002547ded0e) Importer(815301076,1909f56bfc062723c751e8b465ee728b)
Start importing Assets/Scripts/SwitchController.cs using Guid(2fccba9776a0cad459943002547ded0e) Importer(815301076,1909f56bfc062723c751e8b465ee728b) (PreviewImporter) -> (artifact id: '74872e9314af884ea2e4dfa8b0fda6df') in 0.0022562 seconds
Number of updated asset objects reloaded before import = 0Number of asset objects unloaded after import = 0

========================================================================
Received Prepare
Refreshing native plugins compatible for Editor in 1.45 ms, found 4 plugins.
Preloading 0 native plugins for Editor in 0.00 ms.
Unloading 34 Unused Serialized files (Serialized files now loaded: 0)
Unloading 6755 unused Assets / (7.2 MB). Loaded Objects now: 7511.
Memory consumption went from 159.9 MB to 152.7 MB.
Total: 8.883100 ms (FindLiveObjects: 0.551300 ms CreateObjectMapping: 0.364900 ms MarkObjects: 4.226500 ms  DeleteObjects: 3.738600 ms)

Prepare: number of updated asset objects reloaded= 0
========================================================================
Received Import Request.
  Time since last request: 16.843118 seconds.
  path: Assets/Scripts/BagColourExt.cs
  artifactKey: Guid(391afcb33ddf72d47bdc78aafe296729) Importer(815301076,1909f56bfc062723c751e8b465ee728b)
Start importing Assets/Scripts/BagColourExt.cs using Guid(391afcb33ddf72d47bdc78aafe296729) Importer(815301076,1909f56bfc062723c751e8b465ee728b) (PreviewImporter) -> (artifact id: '5f83bb483238760631733ee5883ff7b4') in 0.0012832 seconds
Number of updated asset objects reloaded before import = 0Number of asset objects unloaded after import = 0

========================================================================
Received Prepare
Begin MonoManager ReloadAssembly
- Loaded All Assemblies, in  0.806 seconds
Refreshing native plugins compatible for Editor in 2.03 ms, found 4 plugins.
Native extension for Android target not found
Native extension for WindowsStandalone target not found
Mono: successfully reloaded assembly
- Finished resetting the current domain, in  0.772 seconds
Domain Reload Profiling: 1575ms
	BeginReloadAssembly (245ms)
		ExecutionOrderSort (0ms)
		DisableScriptedObjects (14ms)
		BackupInstance (0ms)
		ReleaseScriptingObjects (0ms)
		CreateAndSetChildDomain (60ms)
	RebuildCommonClasses (32ms)
	RebuildNativeTypeToScriptingClass (9ms)
	initialDomainReloadingComplete (29ms)
	LoadAllAssembliesAndSetupDomain (488ms)
		LoadAssemblies (389ms)
		RebuildTransferFunctionScriptingTraits (0ms)
		AnalyzeDomain (202ms)
			TypeCache.Refresh (10ms)
				TypeCache.ScanAssembly (0ms)
			BuildScriptInfoCaches (174ms)
			ResolveRequiredComponents (14ms)
	FinalizeReload (772ms)
		ReleaseScriptCaches (0ms)
		RebuildScriptCaches (0ms)
		SetupLoadedEditorAssemblies (597ms)
			LogAssemblyErrors (0ms)
			InitializePlatformSupportModulesInManaged (11ms)
			SetLoadedEditorAssemblies (3ms)
			BeforeProcessingInitializeOnLoad (130ms)
			ProcessInitializeOnLoadAttributes (384ms)
			ProcessInitializeOnLoadMethodAttributes (59ms)
			AfterProcessingInitializeOnLoad (9ms)
			EditorAssembliesLoaded (0ms)
		ExecutionOrderSort2 (0ms)
		AwakeInstancesAfterBackupRestoration (21ms)
Refreshing native plugins compatible for Editor in 2.09 ms, found 4 plugins.
Preloading 0 native plugins for Editor in 0.00 ms.
Unloading 34 Unused Serialized files (Serialized files now loaded: 0)
Unloading 6766 unused Assets / (5.6 MB). Loaded Objects now: 7514.
Memory consumption went from 161.7 MB to 156.1 MB.
Total: 8.409900 ms (FindLiveObjects: 0.650400 ms CreateObjectMapping: 0.389900 ms MarkObjects: 4.419500 ms  DeleteObjects: 2.948300 ms)

Prepare: number of updated asset objects reloaded= 0
========================================================================
Received Import Request.
  Time since last request: 6.355573 seconds.
  path: Assets/Scripts/BagColourExt.cs
  artifactKey: Guid(391afcb33ddf72d47bdc78aafe296729) Importer(815301076,1909f56bfc062723c751e8b465ee728b)
Start importing Assets/Scripts/BagColourExt.cs using Guid(391afcb33ddf72d47bdc78aafe296729) Importer(815301076,1909f56bfc062723c751e8b465ee728b) (PreviewImporter) -> (artifact id: '47f08dd4339625e62a2d14457c169e01') in 0.0022126 seconds
Number of updated asset objects reloaded before import = 0Number of asset objects unloaded after import = 0

========================================================================
Received Prepare
Refreshing native plugins compatible for Editor in 2.47 ms, found 4 plugins.
Preloading 0 native plugins for Editor in 0.00 ms.
Unloading 34 Unused Serialized files (Serialized files now loaded: 0)
Unloading 6755 unused Assets / (6.4 MB). Loaded Objects now: 7514.
Memory consumption went from 161.8 MB to 155.4 MB.
Total: 27.506300 ms (FindLiveObjects: 0.820900 ms CreateObjectMapping: 0.460200 ms MarkObjects: 6.504100 ms  DeleteObjects: 19.719300 ms)

Prepare: number of updated asset objects reloaded= 0
========================================================================
Received Prepare
Begin MonoManager ReloadAssembly
- Loaded All Assemblies, in  0.777 seconds
Refreshing native plugins compatible for Editor in 2.42 ms, found 4 plugins.
Native extension for Android target not found
Native extension for WindowsStandalone target not found
Mono: successfully reloaded assembly
- Finished resetting the current domain, in  0.769 seconds
Domain Reload Profiling: 1541ms
	BeginReloadAssembly (230ms)
		ExecutionOrderSort (0ms)
		DisableScriptedObjects (17ms)
		BackupInstance (0ms)
		ReleaseScriptingObjects (0ms)
		CreateAndSetChildDomain (48ms)
	RebuildCommonClasses (31ms)
	RebuildNativeTypeToScriptingClass (11ms)
	initialDomainReloadingComplete (25ms)
	LoadAllAssembliesAndSetupDomain (474ms)
		LoadAssemblies (395ms)
		RebuildTransferFunctionScriptingTraits (0ms)
		AnalyzeDomain (182ms)
			TypeCache.Refresh (8ms)
				TypeCache.ScanAssembly (0ms)
			BuildScriptInfoCaches (159ms)
			ResolveRequiredComponents (11ms)
	FinalizeReload (770ms)
		ReleaseScriptCaches (0ms)
		RebuildScriptCaches (0ms)
		SetupLoadedEditorAssemblies (593ms)
			LogAssemblyErrors (0ms)
			InitializePlatformSupportModulesInManaged (12ms)
			SetLoadedEditorAssemblies (4ms)
			BeforeProcessingInitializeOnLoad (133ms)
			ProcessInitializeOnLoadAttributes (375ms)
			ProcessInitializeOnLoadMethodAttributes (61ms)
			AfterProcessingInitializeOnLoad (8ms)
			EditorAssembliesLoaded (0ms)
		ExecutionOrderSort2 (0ms)
		AwakeInstancesAfterBackupRestoration (19ms)
Refreshing native plugins compatible for Editor in 1.43 ms, found 4 plugins.
Preloading 0 native plugins for Editor in 0.00 ms.
Unloading 34 Unused Serialized files (Serialized files now loaded: 0)
Unloading 6766 unused Assets / (6.6 MB). Loaded Objects now: 7517.
Memory consumption went from 161.8 MB to 155.1 MB.
Total: 8.508800 ms (FindLiveObjects: 1.051300 ms CreateObjectMapping: 0.423400 ms MarkObjects: 4.392400 ms  DeleteObjects: 2.640300 ms)

Prepare: number of updated asset objects reloaded= 0
========================================================================
Received Import Request.
  Time since last request: 18.497054 seconds.
  path: Assets/Scripts/BagColourExt.cs
  artifactKey: Guid(391afcb33ddf72d47bdc78aafe296729) Importer(815301076,1909f56bfc062723c751e8b465ee728b)
Start importing Assets/Scripts/BagColourExt.cs using Guid(391afcb33ddf72d47bdc78aafe296729) Importer(815301076,1909f56bfc062723c751e8b465ee728b) (PreviewImporter) -> (artifact id: '0605e38aefbfbd5b1ec58992843c0344') in 0.0026222 seconds
Number of updated asset objects reloaded before import = 0Number of asset objects unloaded after import = 0

========================================================================
Received Prepare
Refreshing native plugins compatible for Editor in 1.21 ms, found 4 plugins.
Preloading 0 native plugins for Editor in 0.00 ms.
Unloading 34 Unused Serialized files (Serialized files now loaded: 0)
Unloading 6756 unused Assets / (6.2 MB). Loaded Objects now: 7518.
Memory consumption went from 161.9 MB to 155.8 MB.
Total: 8.036700 ms (FindLiveObjects: 0.506700 ms CreateObjectMapping: 0.313300 ms MarkObjects: 4.925200 ms  DeleteObjects: 2.290600 ms)

Prepare: number of updated asset objects reloaded= 0
========================================================================
Received Import Request.
  Time since last request: 38.941956 seconds.
  path: Assets/Scripts/CarouselColourExt.cs
  artifactKey: Guid(fff3e3ffe3df6694788584e5c9c6fabf) Importer(815301076,1909f56bfc062723c751e8b465ee728b)
Start importing Assets/Scripts/CarouselColourExt.cs using Guid(fff3e3ffe3df6694788584e5c9c6fabf) Importer(815301076,1909f56bfc062723c751e8b465ee728b) (PreviewImporter) -> (artifact id: 'f3f8252cc788b9a339b59b5becb69aaf') in 0.0025351 seconds
Number of updated asset objects reloaded before import = 0Number of asset objects unloaded after import = 0

========================================================================
Received Prepare
Begin MonoManager ReloadAssembly
- Loaded All Assemblies, in  0.816 seconds
Refreshing native plugins compatible for Editor in 1.48 ms, found 4 plugins.
Native extension for Android target not found
Native extension for WindowsStandalone target not found
Mono: successfully reloaded assembly
- Finished resetting the current domain, in  0.606 seconds
Domain Reload Profiling: 1420ms
	BeginReloadAssembly (263ms)
		ExecutionOrderSort (0ms)
		DisableScriptedObjects (12ms)
		BackupInstance (0ms)
		ReleaseScriptingObjects (0ms)
		CreateAndSetChildDomain (68ms)
	RebuildCommonClasses (32ms)
	RebuildNativeTypeToScriptingClass (11ms)
	initialDomainReloadingComplete (30ms)
	LoadAllAssembliesAndSetupDomain (476ms)
		LoadAssemblies (379ms)
		RebuildTransferFunctionScriptingTraits (0ms)
		AnalyzeDomain (221ms)
			TypeCache.Refresh (13ms)
				TypeCache.ScanAssembly (1ms)
			BuildScriptInfoCaches (169ms)
			ResolveRequiredComponents (33ms)
	FinalizeReload (607ms)
		ReleaseScriptCaches (0ms)
		RebuildScriptCaches (0ms)
		SetupLoadedEditorAssemblies (459ms)
			LogAssemblyErrors (0ms)
			InitializePlatformSupportModulesInManaged (11ms)
			SetLoadedEditorAssemblies (3ms)
			BeforeProcessingInitializeOnLoad (97ms)
			ProcessInitializeOnLoadAttributes (288ms)
			ProcessInitializeOnLoadMethodAttributes (56ms)
			AfterProcessingInitializeOnLoad (4ms)
			EditorAssembliesLoaded (0ms)
		ExecutionOrderSort2 (0ms)
		AwakeInstancesAfterBackupRestoration (14ms)
Refreshing native plugins compatible for Editor in 2.30 ms, found 4 plugins.
Preloading 0 native plugins for Editor in 0.00 ms.
Unloading 34 Unused Serialized files (Serialized files now loaded: 0)
Unloading 6767 unused Assets / (6.9 MB). Loaded Objects now: 7521.
Memory consumption went from 161.7 MB to 154.9 MB.
Total: 11.180900 ms (FindLiveObjects: 1.636300 ms CreateObjectMapping: 0.584000 ms MarkObjects: 4.624900 ms  DeleteObjects: 4.334100 ms)

Prepare: number of updated asset objects reloaded= 0
========================================================================
Received Prepare
Refreshing native plugins compatible for Editor in 2.02 ms, found 4 plugins.
Preloading 0 native plugins for Editor in 0.00 ms.
Unloading 34 Unused Serialized files (Serialized files now loaded: 0)
Unloading 6756 unused Assets / (6.9 MB). Loaded Objects now: 7521.
Memory consumption went from 161.8 MB to 155.0 MB.
Total: 28.713600 ms (FindLiveObjects: 0.637500 ms CreateObjectMapping: 0.551000 ms MarkObjects: 5.944000 ms  DeleteObjects: 21.580000 ms)

Prepare: number of updated asset objects reloaded= 0
========================================================================
Received Import Request.
  Time since last request: 26.450251 seconds.
  path: Assets/Scripts/CarouselColourExt.cs
  artifactKey: Guid(fff3e3ffe3df6694788584e5c9c6fabf) Importer(815301076,1909f56bfc062723c751e8b465ee728b)
Start importing Assets/Scripts/CarouselColourExt.cs using Guid(fff3e3ffe3df6694788584e5c9c6fabf) Importer(815301076,1909f56bfc062723c751e8b465ee728b) (PreviewImporter) -> (artifact id: 'ea7503a7be9f541e02a2c5401d11372b') in 0.0039877 seconds
Number of updated asset objects reloaded before import = 0Number of asset objects unloaded after import = 0

========================================================================
Received Prepare
Refreshing native plugins compatible for Editor in 2.26 ms, found 4 plugins.
Preloading 0 native plugins for Editor in 0.00 ms.
Unloading 34 Unused Serialized files (Serialized files now loaded: 0)
Unloading 6757 unused Assets / (6.3 MB). Loaded Objects now: 7522.
Memory consumption went from 161.9 MB to 155.5 MB.
Total: 10.778400 ms (FindLiveObjects: 0.681300 ms CreateObjectMapping: 0.363600 ms MarkObjects: 5.879200 ms  DeleteObjects: 3.852500 ms)

Prepare: number of updated asset objects reloaded= 0
========================================================================
Received Import Request.
  Time since last request: 53.527833 seconds.
  path: Assets/Scripts/JunctionNodeMultiDirection.cs
  artifactKey: Guid(741aeb505971c43428b150b5d416dfcc) Importer(815301076,1909f56bfc062723c751e8b465ee728b)
Start importing Assets/Scripts/JunctionNodeMultiDirection.cs using Guid(741aeb505971c43428b150b5d416dfcc) Importer(815301076,1909f56bfc062723c751e8b465ee728b) (PreviewImporter) -> (artifact id: '4890fafc0bee44d310864c2d05499c1a') in 0.0016904 seconds
Number of updated asset objects reloaded before import = 0Number of asset objects unloaded after import = 0

========================================================================
Received Prepare
Refreshing native plugins compatible for Editor in 1.50 ms, found 4 plugins.
Preloading 0 native plugins for Editor in 0.00 ms.
Unloading 34 Unused Serialized files (Serialized files now loaded: 0)
Unloading 6757 unused Assets / (6.8 MB). Loaded Objects now: 7522.
Memory consumption went from 161.8 MB to 155.1 MB.
Total: 8.312100 ms (FindLiveObjects: 0.660900 ms CreateObjectMapping: 0.330000 ms MarkObjects: 4.341200 ms  DeleteObjects: 2.979000 ms)

Prepare: number of updated asset objects reloaded= 0
========================================================================
Received Prepare
Refreshing native plugins compatible for Editor in 1.37 ms, found 4 plugins.
Preloading 0 native plugins for Editor in 0.00 ms.
Unloading 34 Unused Serialized files (Serialized files now loaded: 0)
Unloading 6758 unused Assets / (6.4 MB). Loaded Objects now: 7523.
Memory consumption went from 161.8 MB to 155.5 MB.
Total: 8.435000 ms (FindLiveObjects: 0.461000 ms CreateObjectMapping: 0.310500 ms MarkObjects: 5.168900 ms  DeleteObjects: 2.493100 ms)

Prepare: number of updated asset objects reloaded= 0
========================================================================
Received Import Request.
  Time since last request: 60.943251 seconds.
  path: Assets/Scripts/SwitchControllerMultiDirection.cs
  artifactKey: Guid(bb50949345b38e444b2629905528bcc9) Importer(815301076,1909f56bfc062723c751e8b465ee728b)
Start importing Assets/Scripts/SwitchControllerMultiDirection.cs using Guid(bb50949345b38e444b2629905528bcc9) Importer(815301076,1909f56bfc062723c751e8b465ee728b) (PreviewImporter) -> (artifact id: 'd3fd6bed26256c6133d81bf44bc52645') in 0.0025573 seconds
Number of updated asset objects reloaded before import = 0Number of asset objects unloaded after import = 0

========================================================================
Received Prepare
Refreshing native plugins compatible for Editor in 2.07 ms, found 4 plugins.
Preloading 0 native plugins for Editor in 0.00 ms.
Unloading 34 Unused Serialized files (Serialized files now loaded: 0)
Unloading 6758 unused Assets / (6.2 MB). Loaded Objects now: 7523.
Memory consumption went from 161.8 MB to 155.7 MB.
Total: 10.150300 ms (FindLiveObjects: 1.091400 ms CreateObjectMapping: 0.566200 ms MarkObjects: 4.749700 ms  DeleteObjects: 3.741100 ms)

Prepare: number of updated asset objects reloaded= 0
========================================================================
Received Prepare
Refreshing native plugins compatible for Editor in 1.41 ms, found 4 plugins.
Preloading 0 native plugins for Editor in 0.00 ms.
Unloading 34 Unused Serialized files (Serialized files now loaded: 0)
Unloading 6759 unused Assets / (6.5 MB). Loaded Objects now: 7524.
Memory consumption went from 161.9 MB to 155.4 MB.
Total: 7.986900 ms (FindLiveObjects: 0.661300 ms CreateObjectMapping: 0.527400 ms MarkObjects: 3.946100 ms  DeleteObjects: 2.851100 ms)

Prepare: number of updated asset objects reloaded= 0
========================================================================
Received Import Request.
  Time since last request: 51.703547 seconds.
  path: Assets/Scripts/SpawnManagerExt.cs
  artifactKey: Guid(1b98f5ee786760047990cf5a42966487) Importer(815301076,1909f56bfc062723c751e8b465ee728b)
Start importing Assets/Scripts/SpawnManagerExt.cs using Guid(1b98f5ee786760047990cf5a42966487) Importer(815301076,1909f56bfc062723c751e8b465ee728b) (PreviewImporter) -> (artifact id: 'b7aac41cae889c2c878689452dc0f8eb') in 0.0031164 seconds
Number of updated asset objects reloaded before import = 0Number of asset objects unloaded after import = 0

========================================================================
Received Prepare
Refreshing native plugins compatible for Editor in 1.97 ms, found 4 plugins.
Preloading 0 native plugins for Editor in 0.00 ms.
Unloading 34 Unused Serialized files (Serialized files now loaded: 0)
Unloading 6759 unused Assets / (5.7 MB). Loaded Objects now: 7524.
Memory consumption went from 161.8 MB to 156.1 MB.
Total: 12.243300 ms (FindLiveObjects: 1.119000 ms CreateObjectMapping: 1.059500 ms MarkObjects: 6.417900 ms  DeleteObjects: 3.644700 ms)

Prepare: number of updated asset objects reloaded= 0
========================================================================
Received Import Request.
  Time since last request: 52.239612 seconds.
  path: Assets/Scripts/SpawnManager.cs
  artifactKey: Guid(4ab18b9815f7d8a439a40f23e3bdba98) Importer(815301076,1909f56bfc062723c751e8b465ee728b)
Start importing Assets/Scripts/SpawnManager.cs using Guid(4ab18b9815f7d8a439a40f23e3bdba98) Importer(815301076,1909f56bfc062723c751e8b465ee728b) (PreviewImporter) -> (artifact id: '95c023669127d4e63ca49c7a5bdec9ed') in 0.0014163 seconds
Number of updated asset objects reloaded before import = 0Number of asset objects unloaded after import = 0

========================================================================
Received Prepare
Refreshing native plugins compatible for Editor in 3.83 ms, found 4 plugins.
Preloading 0 native plugins for Editor in 0.00 ms.
Unloading 34 Unused Serialized files (Serialized files now loaded: 0)
Unloading 6759 unused Assets / (5.9 MB). Loaded Objects now: 7524.
Memory consumption went from 161.8 MB to 156.0 MB.
Total: 13.141300 ms (FindLiveObjects: 0.980800 ms CreateObjectMapping: 0.557200 ms MarkObjects: 7.199200 ms  DeleteObjects: 4.402400 ms)

Prepare: number of updated asset objects reloaded= 0
========================================================================
Received Import Request.
  Time since last request: 82.352723 seconds.
  path: Assets/Scripts/SpawnManager.cs
  artifactKey: Guid(4ab18b9815f7d8a439a40f23e3bdba98) Importer(815301076,1909f56bfc062723c751e8b465ee728b)
Start importing Assets/Scripts/SpawnManager.cs using Guid(4ab18b9815f7d8a439a40f23e3bdba98) Importer(815301076,1909f56bfc062723c751e8b465ee728b) (PreviewImporter) -> (artifact id: 'ab41ad1175cfec401d9d72b45e98c8b6') in 0.0023121 seconds
Number of updated asset objects reloaded before import = 0Number of asset objects unloaded after import = 0

========================================================================
Received Prepare
Refreshing native plugins compatible for Editor in 1.33 ms, found 4 plugins.
Preloading 0 native plugins for Editor in 0.00 ms.
Unloading 34 Unused Serialized files (Serialized files now loaded: 0)
Unloading 6759 unused Assets / (6.9 MB). Loaded Objects now: 7524.
Memory consumption went from 161.9 MB to 155.0 MB.
Total: 8.363900 ms (FindLiveObjects: 0.480400 ms CreateObjectMapping: 0.371700 ms MarkObjects: 4.676500 ms  DeleteObjects: 2.834100 ms)

Prepare: number of updated asset objects reloaded= 0
========================================================================
Received Import Request.
  Time since last request: 67.590816 seconds.
  path: Assets/Scripts/SpawnManagerExtended.cs
  artifactKey: Guid(1b98f5ee786760047990cf5a42966487) Importer(815301076,1909f56bfc062723c751e8b465ee728b)
Start importing Assets/Scripts/SpawnManagerExtended.cs using Guid(1b98f5ee786760047990cf5a42966487) Importer(815301076,1909f56bfc062723c751e8b465ee728b) (PreviewImporter) -> (artifact id: '3eae7cd52be22e8abed7b2d9c72100d7') in 0.0039394 seconds
Number of updated asset objects reloaded before import = 0Number of asset objects unloaded after import = 0

========================================================================
Received Prepare
Refreshing native plugins compatible for Editor in 2.01 ms, found 4 plugins.
Preloading 0 native plugins for Editor in 0.00 ms.
Unloading 34 Unused Serialized files (Serialized files now loaded: 0)
Unloading 6759 unused Assets / (7.8 MB). Loaded Objects now: 7524.
Memory consumption went from 161.8 MB to 154.0 MB.
Total: 14.837200 ms (FindLiveObjects: 1.258900 ms CreateObjectMapping: 0.920700 ms MarkObjects: 6.435900 ms  DeleteObjects: 6.219900 ms)

Prepare: number of updated asset objects reloaded= 0
========================================================================
Received Prepare
Refreshing native plugins compatible for Editor in 2.46 ms, found 4 plugins.
Preloading 0 native plugins for Editor in 0.00 ms.
Unloading 34 Unused Serialized files (Serialized files now loaded: 0)
Unloading 6759 unused Assets / (4.5 MB). Loaded Objects now: 7524.
Memory consumption went from 161.8 MB to 157.3 MB.
Total: 21.891200 ms (FindLiveObjects: 0.579100 ms CreateObjectMapping: 0.737600 ms MarkObjects: 7.243700 ms  DeleteObjects: 13.329400 ms)

Prepare: number of updated asset objects reloaded= 0
========================================================================
Received Import Request.
  Time since last request: 221.252276 seconds.
  path: Assets/Scripts/SpawnManagerExtended.cs
  artifactKey: Guid(1b98f5ee786760047990cf5a42966487) Importer(815301076,1909f56bfc062723c751e8b465ee728b)
Start importing Assets/Scripts/SpawnManagerExtended.cs using Guid(1b98f5ee786760047990cf5a42966487) Importer(815301076,1909f56bfc062723c751e8b465ee728b) (PreviewImporter) -> (artifact id: '900a097c1c1398dceb32854dac0e2394') in 0.0025846 seconds
Number of updated asset objects reloaded before import = 0Number of asset objects unloaded after import = 0

========================================================================
Received Prepare
Refreshing native plugins compatible for Editor in 2.03 ms, found 4 plugins.
Preloading 0 native plugins for Editor in 0.00 ms.
Unloading 34 Unused Serialized files (Serialized files now loaded: 0)
Unloading 6759 unused Assets / (5.7 MB). Loaded Objects now: 7524.
Memory consumption went from 161.8 MB to 156.2 MB.
Total: 10.957300 ms (FindLiveObjects: 0.796700 ms CreateObjectMapping: 0.421200 ms MarkObjects: 6.145700 ms  DeleteObjects: 3.591300 ms)

Prepare: number of updated asset objects reloaded= 0
========================================================================
Received Prepare
Refreshing native plugins compatible for Editor in 2.15 ms, found 4 plugins.
Preloading 0 native plugins for Editor in 0.00 ms.
Unloading 34 Unused Serialized files (Serialized files now loaded: 0)
Unloading 6759 unused Assets / (6.8 MB). Loaded Objects now: 7524.
Memory consumption went from 161.9 MB to 155.0 MB.
Total: 11.693300 ms (FindLiveObjects: 0.717000 ms CreateObjectMapping: 0.670500 ms MarkObjects: 6.468300 ms  DeleteObjects: 3.835300 ms)

Prepare: number of updated asset objects reloaded= 0
========================================================================
Received Import Request.
  Time since last request: 461.775242 seconds.
  path: Assets/Scripts/CarouselColourExt.cs
  artifactKey: Guid(fff3e3ffe3df6694788584e5c9c6fabf) Importer(815301076,1909f56bfc062723c751e8b465ee728b)
Start importing Assets/Scripts/CarouselColourExt.cs using Guid(fff3e3ffe3df6694788584e5c9c6fabf) Importer(815301076,1909f56bfc062723c751e8b465ee728b) (PreviewImporter) -> (artifact id: 'd454c4429b28a7c8195a94dc0045235f') in 0.0031462 seconds
Number of updated asset objects reloaded before import = 0Number of asset objects unloaded after import = 0

========================================================================
Received Prepare
Refreshing native plugins compatible for Editor in 1.28 ms, found 4 plugins.
Preloading 0 native plugins for Editor in 0.00 ms.
Unloading 34 Unused Serialized files (Serialized files now loaded: 0)
Unloading 6759 unused Assets / (6.4 MB). Loaded Objects now: 7524.
Memory consumption went from 161.9 MB to 155.5 MB.
Total: 8.049300 ms (FindLiveObjects: 0.633300 ms CreateObjectMapping: 0.373900 ms MarkObjects: 4.403500 ms  DeleteObjects: 2.636400 ms)

Prepare: number of updated asset objects reloaded= 0
========================================================================
Received Import Request.
  Time since last request: 12.114026 seconds.
  path: Assets/Scripts/CarouselColourExtended.cs
  artifactKey: Guid(fff3e3ffe3df6694788584e5c9c6fabf) Importer(815301076,1909f56bfc062723c751e8b465ee728b)
Start importing Assets/Scripts/CarouselColourExtended.cs using Guid(fff3e3ffe3df6694788584e5c9c6fabf) Importer(815301076,1909f56bfc062723c751e8b465ee728b) (PreviewImporter) -> (artifact id: '3f7d5d5d64576596a6434bb09b14050f') in 0.0021341 seconds
Number of updated asset objects reloaded before import = 0Number of asset objects unloaded after import = 0

========================================================================
Received Prepare
Refreshing native plugins compatible for Editor in 2.29 ms, found 4 plugins.
Preloading 0 native plugins for Editor in 0.00 ms.
Unloading 34 Unused Serialized files (Serialized files now loaded: 0)
Unloading 6759 unused Assets / (7.4 MB). Loaded Objects now: 7524.
Memory consumption went from 161.8 MB to 154.4 MB.
Total: 12.855500 ms (FindLiveObjects: 1.291000 ms CreateObjectMapping: 0.772600 ms MarkObjects: 6.376500 ms  DeleteObjects: 4.413600 ms)

Prepare: number of updated asset objects reloaded= 0
========================================================================
Received Prepare
Begin MonoManager ReloadAssembly
- Loaded All Assemblies, in  2.002 seconds
Refreshing native plugins compatible for Editor in 2.31 ms, found 4 plugins.
Native extension for Android target not found
Native extension for WindowsStandalone target not found
Mono: successfully reloaded assembly
- Finished resetting the current domain, in  0.945 seconds
Domain Reload Profiling: 2944ms
	BeginReloadAssembly (818ms)
		ExecutionOrderSort (0ms)
		DisableScriptedObjects (140ms)
		BackupInstance (0ms)
		ReleaseScriptingObjects (1ms)
		CreateAndSetChildDomain (300ms)
	RebuildCommonClasses (47ms)
	RebuildNativeTypeToScriptingClass (13ms)
	initialDomainReloadingComplete (47ms)
	LoadAllAssembliesAndSetupDomain (1073ms)
		LoadAssemblies (964ms)
		RebuildTransferFunctionScriptingTraits (0ms)
		AnalyzeDomain (317ms)
			TypeCache.Refresh (23ms)
				TypeCache.ScanAssembly (1ms)
			BuildScriptInfoCaches (267ms)
			ResolveRequiredComponents (19ms)
	FinalizeReload (945ms)
		ReleaseScriptCaches (0ms)
		RebuildScriptCaches (0ms)
		SetupLoadedEditorAssemblies (723ms)
			LogAssemblyErrors (0ms)
			InitializePlatformSupportModulesInManaged (16ms)
			SetLoadedEditorAssemblies (4ms)
			BeforeProcessingInitializeOnLoad (149ms)
			ProcessInitializeOnLoadAttributes (477ms)
			ProcessInitializeOnLoadMethodAttributes (72ms)
			AfterProcessingInitializeOnLoad (5ms)
			EditorAssembliesLoaded (0ms)
		ExecutionOrderSort2 (0ms)
		AwakeInstancesAfterBackupRestoration (19ms)
Refreshing native plugins compatible for Editor in 1.41 ms, found 4 plugins.
Preloading 0 native plugins for Editor in 0.00 ms.
Unloading 34 Unused Serialized files (Serialized files now loaded: 0)
Unloading 6770 unused Assets / (6.4 MB). Loaded Objects now: 7527.
Memory consumption went from 161.8 MB to 155.4 MB.
Total: 12.042100 ms (FindLiveObjects: 1.055700 ms CreateObjectMapping: 1.037400 ms MarkObjects: 5.999100 ms  DeleteObjects: 3.948500 ms)

Prepare: number of updated asset objects reloaded= 0
========================================================================
Received Import Request.
  Time since last request: 11.258627 seconds.
  path: Assets/Scripts/CarouselColourExtended.cs
  artifactKey: Guid(fff3e3ffe3df6694788584e5c9c6fabf) Importer(815301076,1909f56bfc062723c751e8b465ee728b)
Start importing Assets/Scripts/CarouselColourExtended.cs using Guid(fff3e3ffe3df6694788584e5c9c6fabf) Importer(815301076,1909f56bfc062723c751e8b465ee728b) (PreviewImporter) -> (artifact id: '31f3277a66038de39aec7c97d5dd5fcd') in 0.0050629 seconds
Number of updated asset objects reloaded before import = 0Number of asset objects unloaded after import = 0

========================================================================
Received Import Request.
  Time since last request: 66.795858 seconds.
  path: Assets/Scripts/SpawnManager.cs
  artifactKey: Guid(4ab18b9815f7d8a439a40f23e3bdba98) Importer(815301076,1909f56bfc062723c751e8b465ee728b)
Start importing Assets/Scripts/SpawnManager.cs using Guid(4ab18b9815f7d8a439a40f23e3bdba98) Importer(815301076,1909f56bfc062723c751e8b465ee728b) (PreviewImporter) -> (artifact id: 'b6b5f92ef657689d7efb4f0537df5c92') in 0.0010444 seconds
Number of updated asset objects reloaded before import = 0Number of asset objects unloaded after import = 0

========================================================================
Received Import Request.
  Time since last request: 416929.039100 seconds.
  path: Assets/TutorialBagPrefab/Luggage_Pink 1.prefab
  artifactKey: Guid(01db419cac0ef1f4f881c64fdc0a319d) Importer(815301076,1909f56bfc062723c751e8b465ee728b)
Start importing Assets/TutorialBagPrefab/Luggage_Pink 1.prefab using Guid(01db419cac0ef1f4f881c64fdc0a319d) Importer(815301076,1909f56bfc062723c751e8b465ee728b) (PreviewImporter) -> (artifact id: '8f3839904fed500bb7012575f46f0c9a') in 1.484473 seconds
Number of updated asset objects reloaded before import = 0Number of asset objects unloaded after import = 12

========================================================================
Received Import Request.
  Time since last request: 1070.705803 seconds.
  path: Assets/TutorialBagPrefab/Luggage_Pink 1.prefab
  artifactKey: Guid(01db419cac0ef1f4f881c64fdc0a319d) Importer(815301076,1909f56bfc062723c751e8b465ee728b)
Start importing Assets/TutorialBagPrefab/Luggage_Pink 1.prefab using Guid(01db419cac0ef1f4f881c64fdc0a319d) Importer(815301076,1909f56bfc062723c751e8b465ee728b) (PreviewImporter) -> (artifact id: '711c826fb84409fa2bf88cad5a27e44d') in 0.0279142 seconds
Number of updated asset objects reloaded before import = 0Number of asset objects unloaded after import = 12

========================================================================
Received Import Request.
  Time since last request: 28.241649 seconds.
  path: Assets/Luggage_Pink.prefab
  artifactKey: Guid(1cd1bdab2b743c249b2407ea835ec126) Importer(815301076,1909f56bfc062723c751e8b465ee728b)
Start importing Assets/Luggage_Pink.prefab using Guid(1cd1bdab2b743c249b2407ea835ec126) Importer(815301076,1909f56bfc062723c751e8b465ee728b) (PreviewImporter) -> (artifact id: 'ab236e9563702dc56bc14d8ddec7eca8') in 0.0181671 seconds
Number of updated asset objects reloaded before import = 0Number of asset objects unloaded after import = 11

========================================================================
Received Import Request.
  Time since last request: 12.377646 seconds.
  path: Assets/L2Luggage_Pink.prefab
  artifactKey: Guid(1cd1bdab2b743c249b2407ea835ec126) Importer(815301076,1909f56bfc062723c751e8b465ee728b)
Start importing Assets/L2Luggage_Pink.prefab using Guid(1cd1bdab2b743c249b2407ea835ec126) Importer(815301076,1909f56bfc062723c751e8b465ee728b) (PreviewImporter) -> (artifact id: 'eaa1f05bb3d428873dcec9d62b4b9ed7') in 0.0171888 seconds
Number of updated asset objects reloaded before import = 0Number of asset objects unloaded after import = 11

========================================================================
Received Import Request.
  Time since last request: 20.511613 seconds.
  path: Assets/TutorialBagPrefab/L2Luggage_Pink 1.prefab
  artifactKey: Guid(01db419cac0ef1f4f881c64fdc0a319d) Importer(815301076,1909f56bfc062723c751e8b465ee728b)
Start importing Assets/TutorialBagPrefab/L2Luggage_Pink 1.prefab using Guid(01db419cac0ef1f4f881c64fdc0a319d) Importer(815301076,1909f56bfc062723c751e8b465ee728b) (PreviewImporter) -> (artifact id: '167144339eb843365974e24ef867aeb2') in 0.0140584 seconds
Number of updated asset objects reloaded before import = 0Number of asset objects unloaded after import = 12

========================================================================
Received Import Request.
  Time since last request: 22.939291 seconds.
  path: Assets/TutorialBagPrefab/L2Luggage_PinkPolka.prefab
  artifactKey: Guid(01db419cac0ef1f4f881c64fdc0a319d) Importer(815301076,1909f56bfc062723c751e8b465ee728b)
Start importing Assets/TutorialBagPrefab/L2Luggage_PinkPolka.prefab using Guid(01db419cac0ef1f4f881c64fdc0a319d) Importer(815301076,1909f56bfc062723c751e8b465ee728b) (PreviewImporter) -> (artifact id: 'ed39e307b279aa07126e16eb9aca73c5') in 0.0134026 seconds
Number of updated asset objects reloaded before import = 0Number of asset objects unloaded after import = 12

========================================================================
Received Import Request.
  Time since last request: 42.347070 seconds.
  path: Assets/Luggage_Purple.prefab
  artifactKey: Guid(b0a634494d752d7449338b4d7135d895) Importer(815301076,1909f56bfc062723c751e8b465ee728b)
Start importing Assets/Luggage_Purple.prefab using Guid(b0a634494d752d7449338b4d7135d895) Importer(815301076,1909f56bfc062723c751e8b465ee728b) (PreviewImporter) -> (artifact id: '6601739e1087b5f7e68778774bc28c1e') in 0.0144636 seconds
Number of updated asset objects reloaded before import = 0Number of asset objects unloaded after import = 11

========================================================================
Received Import Request.
  Time since last request: 11.380936 seconds.
  path: Assets/Prefabs/L2Luggage_Purple.prefab
  artifactKey: Guid(b8ab30f779007744dadc7430694f005c) Importer(815301076,1909f56bfc062723c751e8b465ee728b)
Start importing Assets/Prefabs/L2Luggage_Purple.prefab using Guid(b8ab30f779007744dadc7430694f005c) Importer(815301076,1909f56bfc062723c751e8b465ee728b) (PreviewImporter) -> (artifact id: 'f9245adb610caf2ae767996383616786') in 0.0147859 seconds
Number of updated asset objects reloaded before import = 0Number of asset objects unloaded after import = 11

========================================================================
Received Import Request.
  Time since last request: 22.003905 seconds.
  path: Assets/Prefabs/L2Luggage_PurplePolka.prefab
  artifactKey: Guid(40917a1339b51d64f818f07cac67de2b) Importer(815301076,1909f56bfc062723c751e8b465ee728b)
Start importing Assets/Prefabs/L2Luggage_PurplePolka.prefab using Guid(40917a1339b51d64f818f07cac67de2b) Importer(815301076,1909f56bfc062723c751e8b465ee728b) (PreviewImporter) -> (artifact id: 'b61f28379e4f3789ad683ec4efee999a') in 0.0135757 seconds
Number of updated asset objects reloaded before import = 0Number of asset objects unloaded after import = 11

========================================================================
Received Import Request.
  Time since last request: 31.721112 seconds.
  path: Assets/Luggage_Yellow.prefab
  artifactKey: Guid(043f5a613fc2a2b4daabf3ab666faffa) Importer(815301076,1909f56bfc062723c751e8b465ee728b)
Start importing Assets/Luggage_Yellow.prefab using Guid(043f5a613fc2a2b4daabf3ab666faffa) Importer(815301076,1909f56bfc062723c751e8b465ee728b) (PreviewImporter) -> (artifact id: '047bf7e96611b0fee0f0f9f2cbecb67d') in 0.0158692 seconds
Number of updated asset objects reloaded before import = 0Number of asset objects unloaded after import = 11

========================================================================
Received Import Request.
  Time since last request: 23.603527 seconds.
  path: Assets/Prefabs/L2Luggage_Yellow.prefab
  artifactKey: Guid(50df5b380e7323c4d8e0e477740859f2) Importer(815301076,1909f56bfc062723c751e8b465ee728b)
Start importing Assets/Prefabs/L2Luggage_Yellow.prefab using Guid(50df5b380e7323c4d8e0e477740859f2) Importer(815301076,1909f56bfc062723c751e8b465ee728b) (PreviewImporter) -> (artifact id: 'b47fbe2a0974703eb82b45ab88ed7a50') in 0.0180901 seconds
Number of updated asset objects reloaded before import = 0Number of asset objects unloaded after import = 11

========================================================================
Received Import Request.
  Time since last request: 11.635503 seconds.
  path: Assets/Prefabs/L2Luggage_YellowPolka.prefab
  artifactKey: Guid(418101835ed67cc48831e41a8395fdd6) Importer(815301076,1909f56bfc062723c751e8b465ee728b)
Start importing Assets/Prefabs/L2Luggage_YellowPolka.prefab using Guid(418101835ed67cc48831e41a8395fdd6) Importer(815301076,1909f56bfc062723c751e8b465ee728b) (PreviewImporter) -> (artifact id: 'e377bb87bf012a06396794806b593469') in 0.0137574 seconds
Number of updated asset objects reloaded before import = 0Number of asset objects unloaded after import = 11

========================================================================
Received Import Request.
  Time since last request: 12.201663 seconds.
  path: Assets/Luggage_Teal.prefab
  artifactKey: Guid(4855e11f873e0d54ba33b4ee2a891889) Importer(815301076,1909f56bfc062723c751e8b465ee728b)
Start importing Assets/Luggage_Teal.prefab using Guid(4855e11f873e0d54ba33b4ee2a891889) Importer(815301076,1909f56bfc062723c751e8b465ee728b) (PreviewImporter) -> (artifact id: 'aa8524eb2c0dc0b7fef69833dcf6474d') in 0.0122327 seconds
Number of updated asset objects reloaded before import = 0Number of asset objects unloaded after import = 11

========================================================================
Received Import Request.
  Time since last request: 2.305156 seconds.
  path: Assets/Luggage_Teal 1.prefab
  artifactKey: Guid(376e64ef5cc9ebb48b384e02d6cbd1f4) Importer(815301076,1909f56bfc062723c751e8b465ee728b)
Start importing Assets/Luggage_Teal 1.prefab using Guid(376e64ef5cc9ebb48b384e02d6cbd1f4) Importer(815301076,1909f56bfc062723c751e8b465ee728b) (PreviewImporter) -> (artifact id: '539e8625b5539f90b4902727aac71a74') in 0.01387 seconds
Number of updated asset objects reloaded before import = 0Number of asset objects unloaded after import = 11

========================================================================
Received Import Request.
  Time since last request: 32.664887 seconds.
  path: Assets/L2Luggage_Teal 1.prefab
  artifactKey: Guid(376e64ef5cc9ebb48b384e02d6cbd1f4) Importer(815301076,1909f56bfc062723c751e8b465ee728b)
Start importing Assets/L2Luggage_Teal 1.prefab using Guid(376e64ef5cc9ebb48b384e02d6cbd1f4) Importer(815301076,1909f56bfc062723c751e8b465ee728b) (PreviewImporter) -> (artifact id: 'd99c97b5f00c8ecb3953f8bd8b1c512f') in 0.0107376 seconds
Number of updated asset objects reloaded before import = 0Number of asset objects unloaded after import = 11

========================================================================
Received Import Request.
  Time since last request: 12.002863 seconds.
  path: Assets/Luggage_Teal.prefab
  artifactKey: Guid(4855e11f873e0d54ba33b4ee2a891889) Importer(815301076,1909f56bfc062723c751e8b465ee728b)
Start importing Assets/Luggage_Teal.prefab using Guid(4855e11f873e0d54ba33b4ee2a891889) Importer(815301076,1909f56bfc062723c751e8b465ee728b) (PreviewImporter) -> (artifact id: '294e7845e2339e3ded6a68942cccb1bb') in 0.0131392 seconds
Number of updated asset objects reloaded before import = 0Number of asset objects unloaded after import = 11

========================================================================
Received Import Request.
  Time since last request: 15.036484 seconds.
  path: Assets/L2Luggage_TealPolka.prefab
  artifactKey: Guid(4855e11f873e0d54ba33b4ee2a891889) Importer(815301076,1909f56bfc062723c751e8b465ee728b)
Start importing Assets/L2Luggage_TealPolka.prefab using Guid(4855e11f873e0d54ba33b4ee2a891889) Importer(815301076,1909f56bfc062723c751e8b465ee728b) (PreviewImporter) -> (artifact id: '07f407f4af2d8fef0b629c417fd5c751') in 0.0125013 seconds
Number of updated asset objects reloaded before import = 0Number of asset objects unloaded after import = 11

========================================================================
Received Import Request.
  Time since last request: 15.320846 seconds.
  path: Assets/Luggage_Red.prefab
  artifactKey: Guid(33a5c9dfb68cff04fb3830f962b72b8b) Importer(815301076,1909f56bfc062723c751e8b465ee728b)
Start importing Assets/Luggage_Red.prefab using Guid(33a5c9dfb68cff04fb3830f962b72b8b) Importer(815301076,1909f56bfc062723c751e8b465ee728b) (PreviewImporter) -> (artifact id: 'ce5bc9b38805feaf819fe0b44d92f678') in 0.0137496 seconds
Number of updated asset objects reloaded before import = 0Number of asset objects unloaded after import = 11

========================================================================
Received Import Request.
  Time since last request: 15.394082 seconds.
  path: Assets/L2Luggage_Red.prefab
  artifactKey: Guid(33a5c9dfb68cff04fb3830f962b72b8b) Importer(815301076,1909f56bfc062723c751e8b465ee728b)
Start importing Assets/L2Luggage_Red.prefab using Guid(33a5c9dfb68cff04fb3830f962b72b8b) Importer(815301076,1909f56bfc062723c751e8b465ee728b) (PreviewImporter) -> (artifact id: '0bffde1d90b316950cdca5e5f56e4d04') in 0.0113924 seconds
Number of updated asset objects reloaded before import = 0Number of asset objects unloaded after import = 11

========================================================================
Received Import Request.
  Time since last request: 18.106666 seconds.
  path: Assets/Luggage_Green.prefab
  artifactKey: Guid(35bce074ffe9f7f419447be583fde3df) Importer(815301076,1909f56bfc062723c751e8b465ee728b)
Start importing Assets/Luggage_Green.prefab using Guid(35bce074ffe9f7f419447be583fde3df) Importer(815301076,1909f56bfc062723c751e8b465ee728b) (PreviewImporter) -> (artifact id: 'c908df2d5d8fc43eb18378d4560a9102') in 0.0112446 seconds
Number of updated asset objects reloaded before import = 0Number of asset objects unloaded after import = 11

========================================================================
Received Import Request.
  Time since last request: 15.150738 seconds.
  path: Assets/Prefabs/L2Luggage_Green.prefab
  artifactKey: Guid(c4bca0e50b390c447ab7994d86364f11) Importer(815301076,1909f56bfc062723c751e8b465ee728b)
Start importing Assets/Prefabs/L2Luggage_Green.prefab using Guid(c4bca0e50b390c447ab7994d86364f11) Importer(815301076,1909f56bfc062723c751e8b465ee728b) (PreviewImporter) -> (artifact id: '37f66f2522d3e3b719c2f639d6aac39c') in 0.0113673 seconds
Number of updated asset objects reloaded before import = 0Number of asset objects unloaded after import = 11

========================================================================
Received Import Request.
  Time since last request: 11.381831 seconds.
  path: Assets/Luggage_Orange.prefab
  artifactKey: Guid(739ede8f16c3c084d8f3c0056b6ca27a) Importer(815301076,1909f56bfc062723c751e8b465ee728b)
Start importing Assets/Luggage_Orange.prefab using Guid(739ede8f16c3c084d8f3c0056b6ca27a) Importer(815301076,1909f56bfc062723c751e8b465ee728b) (PreviewImporter) -> (artifact id: 'f797257b5b9ddac9a2645709f1619544') in 0.0133184 seconds
Number of updated asset objects reloaded before import = 0Number of asset objects unloaded after import = 11

========================================================================
Received Import Request.
  Time since last request: 16.214775 seconds.
  path: Assets/Prefabs/L2Luggage_Orange.prefab
  artifactKey: Guid(e350206c6e9ba2e4f80c8adb59ffc76c) Importer(815301076,1909f56bfc062723c751e8b465ee728b)
Start importing Assets/Prefabs/L2Luggage_Orange.prefab using Guid(e350206c6e9ba2e4f80c8adb59ffc76c) Importer(815301076,1909f56bfc062723c751e8b465ee728b) (PreviewImporter) -> (artifact id: 'ea4a1e1e4711b430647670a113ee288a') in 0.0126994 seconds
Number of updated asset objects reloaded before import = 0Number of asset objects unloaded after import = 11

========================================================================
Received Import Request.
  Time since last request: 20.735427 seconds.
  path: Assets/Luggage_Grey.prefab
  artifactKey: Guid(e81ded46bf4d98c49a9a664fc90d46cf) Importer(815301076,1909f56bfc062723c751e8b465ee728b)
Start importing Assets/Luggage_Grey.prefab using Guid(e81ded46bf4d98c49a9a664fc90d46cf) Importer(815301076,1909f56bfc062723c751e8b465ee728b) (PreviewImporter) -> (artifact id: '881d9a1d64f3cdd99d8a73b397c0d394') in 0.0104766 seconds
Number of updated asset objects reloaded before import = 0Number of asset objects unloaded after import = 11

========================================================================
Received Import Request.
  Time since last request: 8.081126 seconds.
  path: Assets/Prefabs/L2Luggage_Grey.prefab
  artifactKey: Guid(a0cf1dbe6d3eaca4dab6ca13dc2fc47a) Importer(815301076,1909f56bfc062723c751e8b465ee728b)
Start importing Assets/Prefabs/L2Luggage_Grey.prefab using Guid(a0cf1dbe6d3eaca4dab6ca13dc2fc47a) Importer(815301076,1909f56bfc062723c751e8b465ee728b) (PreviewImporter) -> (artifact id: 'ddbe7404844d6f660159a846b0b753cb') in 0.0092347 seconds
Number of updated asset objects reloaded before import = 0Number of asset objects unloaded after import = 11

========================================================================
Received Import Request.
  Time since last request: 10.153404 seconds.
  path: Assets/Luggage_Blue.prefab
  artifactKey: Guid(988313e7087145444a3f59ad38ca1cd9) Importer(815301076,1909f56bfc062723c751e8b465ee728b)
Start importing Assets/Luggage_Blue.prefab using Guid(988313e7087145444a3f59ad38ca1cd9) Importer(815301076,1909f56bfc062723c751e8b465ee728b) (PreviewImporter) -> (artifact id: '1683f1cf9cf1a7b9afd6fc5c4c014b1e') in 0.0110155 seconds
Number of updated asset objects reloaded before import = 0Number of asset objects unloaded after import = 11

========================================================================
Received Import Request.
  Time since last request: 7.836134 seconds.
  path: Assets/Prefabs/L2Luggage_Blue.prefab
  artifactKey: Guid(1f082b69d5e810d46be9dfe41a6b7100) Importer(815301076,1909f56bfc062723c751e8b465ee728b)
Start importing Assets/Prefabs/L2Luggage_Blue.prefab using Guid(1f082b69d5e810d46be9dfe41a6b7100) Importer(815301076,1909f56bfc062723c751e8b465ee728b) (PreviewImporter) -> (artifact id: '442e06bdfc78f7bb53e3fba8857863e3') in 0.0099736 seconds
Number of updated asset objects reloaded before import = 0Number of asset objects unloaded after import = 11

========================================================================
Received Import Request.
  Time since last request: 577.863998 seconds.
  path: Assets/L2Luggage_Teal.prefab
  artifactKey: Guid(376e64ef5cc9ebb48b384e02d6cbd1f4) Importer(815301076,1909f56bfc062723c751e8b465ee728b)
Start importing Assets/L2Luggage_Teal.prefab using Guid(376e64ef5cc9ebb48b384e02d6cbd1f4) Importer(815301076,1909f56bfc062723c751e8b465ee728b) (PreviewImporter) -> (artifact id: '960892f9021d8bf3aab4aaf41c841cff') in 0.0145409 seconds
Number of updated asset objects reloaded before import = 0Number of asset objects unloaded after import = 11

========================================================================
Received Import Request.
  Time since last request: 18.519671 seconds.
  path: Assets/L2Luggage_Teal.prefab
  artifactKey: Guid(376e64ef5cc9ebb48b384e02d6cbd1f4) Importer(815301076,1909f56bfc062723c751e8b465ee728b)
Start importing Assets/L2Luggage_Teal.prefab using Guid(376e64ef5cc9ebb48b384e02d6cbd1f4) Importer(815301076,1909f56bfc062723c751e8b465ee728b) (PreviewImporter) -> (artifact id: 'fcd41acd7bd4a620645b029d5e192235') in 0.0110914 seconds
Number of updated asset objects reloaded before import = 0Number of asset objects unloaded after import = 10

========================================================================
Received Import Request.
  Time since last request: 60.206590 seconds.
  path: Assets/L2Luggage_Teal.prefab
  artifactKey: Guid(376e64ef5cc9ebb48b384e02d6cbd1f4) Importer(815301076,1909f56bfc062723c751e8b465ee728b)
Start importing Assets/L2Luggage_Teal.prefab using Guid(376e64ef5cc9ebb48b384e02d6cbd1f4) Importer(815301076,1909f56bfc062723c751e8b465ee728b) (PreviewImporter) -> (artifact id: '20249529d4cae7c1ff82fac3f0520574') in 0.0152268 seconds
Number of updated asset objects reloaded before import = 0Number of asset objects unloaded after import = 11

========================================================================
Received Import Request.
  Time since last request: 69.168768 seconds.
  path: Assets/L2Luggage_TealPolka.prefab
  artifactKey: Guid(4855e11f873e0d54ba33b4ee2a891889) Importer(815301076,1909f56bfc062723c751e8b465ee728b)
Start importing Assets/L2Luggage_TealPolka.prefab using Guid(4855e11f873e0d54ba33b4ee2a891889) Importer(815301076,1909f56bfc062723c751e8b465ee728b) (PreviewImporter) -> (artifact id: '3c1b1635bdd652f84b6a7b164cbb7fc2') in 0.01065 seconds
Number of updated asset objects reloaded before import = 0Number of asset objects unloaded after import = 11

========================================================================
Received Import Request.
  Time since last request: 99.847285 seconds.
  path: Assets/Prefabs/L2Luggage_Yellow.prefab
  artifactKey: Guid(50df5b380e7323c4d8e0e477740859f2) Importer(815301076,1909f56bfc062723c751e8b465ee728b)
Start importing Assets/Prefabs/L2Luggage_Yellow.prefab using Guid(50df5b380e7323c4d8e0e477740859f2) Importer(815301076,1909f56bfc062723c751e8b465ee728b) (PreviewImporter) -> (artifact id: '6e286d03c221631db9d9786a702813b2') in 0.0105621 seconds
Number of updated asset objects reloaded before import = 0Number of asset objects unloaded after import = 11

========================================================================
Received Import Request.
  Time since last request: 4.152326 seconds.
  path: Assets/Prefabs/L2Luggage_YellowPolka.prefab
  artifactKey: Guid(418101835ed67cc48831e41a8395fdd6) Importer(815301076,1909f56bfc062723c751e8b465ee728b)
Start importing Assets/Prefabs/L2Luggage_YellowPolka.prefab using Guid(418101835ed67cc48831e41a8395fdd6) Importer(815301076,1909f56bfc062723c751e8b465ee728b) (PreviewImporter) -> (artifact id: '924dc63c68aad5681b645c89d6313dc1') in 0.0127806 seconds
Number of updated asset objects reloaded before import = 0Number of asset objects unloaded after import = 11

========================================================================
Received Import Request.
  Time since last request: 74.567964 seconds.
  path: Assets/Luggage_Blue 1.prefab
  artifactKey: Guid(40e808338d0bb9343aad529575660d30) Importer(815301076,1909f56bfc062723c751e8b465ee728b)
Start importing Assets/Luggage_Blue 1.prefab using Guid(40e808338d0bb9343aad529575660d30) Importer(815301076,1909f56bfc062723c751e8b465ee728b) (PreviewImporter) -> (artifact id: 'd20e4fe29660abc73ba051df3584a353') in 0.0104711 seconds
Number of updated asset objects reloaded before import = 0Number of asset objects unloaded after import = 11

========================================================================
Received Import Request.
  Time since last request: 20.213196 seconds.
  path: Assets/L2Luggage_Blue 1.prefab
  artifactKey: Guid(40e808338d0bb9343aad529575660d30) Importer(815301076,1909f56bfc062723c751e8b465ee728b)
Start importing Assets/L2Luggage_Blue 1.prefab using Guid(40e808338d0bb9343aad529575660d30) Importer(815301076,1909f56bfc062723c751e8b465ee728b) (PreviewImporter) -> (artifact id: '8bd68a583417377e557ed9b09e4bbe17') in 0.0126334 seconds
Number of updated asset objects reloaded before import = 0Number of asset objects unloaded after import = 11

========================================================================
Received Import Request.
  Time since last request: 73.823139 seconds.
  path: Assets/L2Luggage_Blue 1.prefab
  artifactKey: Guid(40e808338d0bb9343aad529575660d30) Importer(815301076,1909f56bfc062723c751e8b465ee728b)
Start importing Assets/L2Luggage_Blue 1.prefab using Guid(40e808338d0bb9343aad529575660d30) Importer(815301076,1909f56bfc062723c751e8b465ee728b) (PreviewImporter) -> (artifact id: '6abbe051cf6072d7f8ea29a1f9208339') in 0.0127036 seconds
Number of updated asset objects reloaded before import = 0Number of asset objects unloaded after import = 11

========================================================================
Received Import Request.
  Time since last request: 41.685550 seconds.
  path: Assets/Luggage_Green 1.prefab
  artifactKey: Guid(284ff7cced73f474da613fc3758dbca3) Importer(815301076,1909f56bfc062723c751e8b465ee728b)
Start importing Assets/Luggage_Green 1.prefab using Guid(284ff7cced73f474da613fc3758dbca3) Importer(815301076,1909f56bfc062723c751e8b465ee728b) (PreviewImporter) -> (artifact id: 'cfc05c1a32bee928e682060acfbeaa0d') in 0.0108128 seconds
Number of updated asset objects reloaded before import = 0Number of asset objects unloaded after import = 11

========================================================================
Received Import Request.
  Time since last request: 16.089244 seconds.
  path: Assets/L2Luggage_Green 1.prefab
  artifactKey: Guid(284ff7cced73f474da613fc3758dbca3) Importer(815301076,1909f56bfc062723c751e8b465ee728b)
Start importing Assets/L2Luggage_Green 1.prefab using Guid(284ff7cced73f474da613fc3758dbca3) Importer(815301076,1909f56bfc062723c751e8b465ee728b) (PreviewImporter) -> (artifact id: '58a49fe22b967cb9251e72ef5ce0c3d7') in 0.0125793 seconds
Number of updated asset objects reloaded before import = 0Number of asset objects unloaded after import = 11

========================================================================
Received Import Request.
  Time since last request: 85.930615 seconds.
  path: Assets/L2Luggage_Green 1.prefab
  artifactKey: Guid(284ff7cced73f474da613fc3758dbca3) Importer(815301076,1909f56bfc062723c751e8b465ee728b)
Start importing Assets/L2Luggage_Green 1.prefab using Guid(284ff7cced73f474da613fc3758dbca3) Importer(815301076,1909f56bfc062723c751e8b465ee728b) (PreviewImporter) -> (artifact id: '72bd9f4fc6d1e91bc27e14256b7ddb16') in 0.0096174 seconds
Number of updated asset objects reloaded before import = 0Number of asset objects unloaded after import = 11

========================================================================
Received Import Request.
  Time since last request: 35.248535 seconds.
  path: Assets/Luggage_Grey 1.prefab
  artifactKey: Guid(708d95651e61ab74ebb118f06b356ae5) Importer(815301076,1909f56bfc062723c751e8b465ee728b)
Start importing Assets/Luggage_Grey 1.prefab using Guid(708d95651e61ab74ebb118f06b356ae5) Importer(815301076,1909f56bfc062723c751e8b465ee728b) (PreviewImporter) -> (artifact id: '30f76336b88f58db3eb807f7b10f5fcc') in 0.0106864 seconds
Number of updated asset objects reloaded before import = 0Number of asset objects unloaded after import = 11

========================================================================
Received Import Request.
  Time since last request: 10.270202 seconds.
  path: Assets/L2Luggage_Grey 1.prefab
  artifactKey: Guid(708d95651e61ab74ebb118f06b356ae5) Importer(815301076,1909f56bfc062723c751e8b465ee728b)
Start importing Assets/L2Luggage_Grey 1.prefab using Guid(708d95651e61ab74ebb118f06b356ae5) Importer(815301076,1909f56bfc062723c751e8b465ee728b) (PreviewImporter) -> (artifact id: 'f062d750d946178ab1b2d759a12803fa') in 0.0101495 seconds
Number of updated asset objects reloaded before import = 0Number of asset objects unloaded after import = 11

========================================================================
Received Import Request.
  Time since last request: 7.377482 seconds.
  path: Assets/Luggage_Orange 1.prefab
  artifactKey: Guid(ddba9e4e67642d24ea6dd4028b701bdf) Importer(815301076,1909f56bfc062723c751e8b465ee728b)
Start importing Assets/Luggage_Orange 1.prefab using Guid(ddba9e4e67642d24ea6dd4028b701bdf) Importer(815301076,1909f56bfc062723c751e8b465ee728b) (PreviewImporter) -> (artifact id: '1b2a2983524bcd59337307cbd71a2e8a') in 0.0107541 seconds
Number of updated asset objects reloaded before import = 0Number of asset objects unloaded after import = 11

========================================================================
Received Import Request.
  Time since last request: 11.606862 seconds.
  path: Assets/L2Luggage_Orange 1.prefab
  artifactKey: Guid(ddba9e4e67642d24ea6dd4028b701bdf) Importer(815301076,1909f56bfc062723c751e8b465ee728b)
Start importing Assets/L2Luggage_Orange 1.prefab using Guid(ddba9e4e67642d24ea6dd4028b701bdf) Importer(815301076,1909f56bfc062723c751e8b465ee728b) (PreviewImporter) -> (artifact id: 'ab5022168654a327bcf85bc1787367dc') in 0.0100703 seconds
Number of updated asset objects reloaded before import = 0Number of asset objects unloaded after import = 11

========================================================================
Received Import Request.
  Time since last request: 4.219040 seconds.
  path: Assets/Luggage_Pink.prefab
  artifactKey: Guid(c328f2eef9f96a24a82f51ed726ade64) Importer(815301076,1909f56bfc062723c751e8b465ee728b)
Start importing Assets/Luggage_Pink.prefab using Guid(c328f2eef9f96a24a82f51ed726ade64) Importer(815301076,1909f56bfc062723c751e8b465ee728b) (PreviewImporter) -> (artifact id: '46936990e6be1f43ea71c8f1722486ef') in 0.009339 seconds
Number of updated asset objects reloaded before import = 0Number of asset objects unloaded after import = 11

========================================================================
Received Import Request.
  Time since last request: 22.398260 seconds.
  path: Assets/L2Luggage_Pink.prefab
  artifactKey: Guid(c328f2eef9f96a24a82f51ed726ade64) Importer(815301076,1909f56bfc062723c751e8b465ee728b)
Start importing Assets/L2Luggage_Pink.prefab using Guid(c328f2eef9f96a24a82f51ed726ade64) Importer(815301076,1909f56bfc062723c751e8b465ee728b) (PreviewImporter) -> (artifact id: '9766ba00588ee694883e42aeb0122597') in 0.0098962 seconds
Number of updated asset objects reloaded before import = 0Number of asset objects unloaded after import = 11

========================================================================
Received Import Request.
  Time since last request: 4.917742 seconds.
  path: Assets/L2Luggage_Pink 1.prefab
  artifactKey: Guid(fa55ac3529cff0a4f900476afc95040f) Importer(815301076,1909f56bfc062723c751e8b465ee728b)
Start importing Assets/L2Luggage_Pink 1.prefab using Guid(fa55ac3529cff0a4f900476afc95040f) Importer(815301076,1909f56bfc062723c751e8b465ee728b) (PreviewImporter) -> (artifact id: '25cba4f20ef7c46336dcbd4177d9ad7d') in 0.0097509 seconds
Number of updated asset objects reloaded before import = 0Number of asset objects unloaded after import = 11

========================================================================
Received Import Request.
  Time since last request: 19.709320 seconds.
  path: Assets/L2Luggage_PinkPolka.prefab
  artifactKey: Guid(fa55ac3529cff0a4f900476afc95040f) Importer(815301076,1909f56bfc062723c751e8b465ee728b)
Start importing Assets/L2Luggage_PinkPolka.prefab using Guid(fa55ac3529cff0a4f900476afc95040f) Importer(815301076,1909f56bfc062723c751e8b465ee728b) (PreviewImporter) -> (artifact id: 'd3ec75ac0ed9cc19714a9857864c9986') in 0.0085718 seconds
Number of updated asset objects reloaded before import = 0Number of asset objects unloaded after import = 11

========================================================================
Received Import Request.
  Time since last request: 9.053182 seconds.
  path: Assets/L2Luggage_PinkPolka.prefab
  artifactKey: Guid(fa55ac3529cff0a4f900476afc95040f) Importer(815301076,1909f56bfc062723c751e8b465ee728b)
Start importing Assets/L2Luggage_PinkPolka.prefab using Guid(fa55ac3529cff0a4f900476afc95040f) Importer(815301076,1909f56bfc062723c751e8b465ee728b) (PreviewImporter) -> (artifact id: 'ae86dcd69ad1e7c72c86607fcc5a9d86') in 0.0104223 seconds
Number of updated asset objects reloaded before import = 0Number of asset objects unloaded after import = 11

========================================================================
Received Import Request.
  Time since last request: 46.637492 seconds.
  path: Assets/Luggage_Purple 1.prefab
  artifactKey: Guid(0882e5db6e8768b4d8f9429bcb246b04) Importer(815301076,1909f56bfc062723c751e8b465ee728b)
Start importing Assets/Luggage_Purple 1.prefab using Guid(0882e5db6e8768b4d8f9429bcb246b04) Importer(815301076,1909f56bfc062723c751e8b465ee728b) (PreviewImporter) -> (artifact id: '77c62b784362ec787365c501f2c9a1da') in 0.0124813 seconds
Number of updated asset objects reloaded before import = 0Number of asset objects unloaded after import = 11

========================================================================
Received Import Request.
  Time since last request: 24.502235 seconds.
  path: Assets/L2Luggage_Purple 1.prefab
  artifactKey: Guid(0882e5db6e8768b4d8f9429bcb246b04) Importer(815301076,1909f56bfc062723c751e8b465ee728b)
Start importing Assets/L2Luggage_Purple 1.prefab using Guid(0882e5db6e8768b4d8f9429bcb246b04) Importer(815301076,1909f56bfc062723c751e8b465ee728b) (PreviewImporter) -> (artifact id: '3d7296fbf912f3b4773d9cea7e150b56') in 0.0089473 seconds
Number of updated asset objects reloaded before import = 0Number of asset objects unloaded after import = 11

========================================================================
Received Import Request.
  Time since last request: 47.324874 seconds.
  path: Assets/Luggage_Red.prefab
  artifactKey: Guid(12ade7ab004f5d14a873748a53cc9695) Importer(815301076,1909f56bfc062723c751e8b465ee728b)
Start importing Assets/Luggage_Red.prefab using Guid(12ade7ab004f5d14a873748a53cc9695) Importer(815301076,1909f56bfc062723c751e8b465ee728b) (PreviewImporter) -> (artifact id: '91f9ddc73dfd1d8e827dfb3fbd9a0599') in 0.0112581 seconds
Number of updated asset objects reloaded before import = 0Number of asset objects unloaded after import = 11

========================================================================
Received Import Request.
  Time since last request: 7.553520 seconds.
  path: Assets/L2Luggage_Red.prefab
  artifactKey: Guid(12ade7ab004f5d14a873748a53cc9695) Importer(815301076,1909f56bfc062723c751e8b465ee728b)
Start importing Assets/L2Luggage_Red.prefab using Guid(12ade7ab004f5d14a873748a53cc9695) Importer(815301076,1909f56bfc062723c751e8b465ee728b) (PreviewImporter) -> (artifact id: '29b3704f6d613be5e3b3b26d3108c983') in 0.0094349 seconds
Number of updated asset objects reloaded before import = 0Number of asset objects unloaded after import = 11

========================================================================
Received Import Request.
  Time since last request: 137.086715 seconds.
  path: Assets/L2Luggage_Grey 1.prefab
  artifactKey: Guid(708d95651e61ab74ebb118f06b356ae5) Importer(815301076,1909f56bfc062723c751e8b465ee728b)
Start importing Assets/L2Luggage_Grey 1.prefab using Guid(708d95651e61ab74ebb118f06b356ae5) Importer(815301076,1909f56bfc062723c751e8b465ee728b) (PreviewImporter) -> (artifact id: '90749b53abcd73d6681539288d0399c9') in 0.0121101 seconds
Number of updated asset objects reloaded before import = 0Number of asset objects unloaded after import = 11

========================================================================
Received Import Request.
  Time since last request: 5.373325 seconds.
  path: Assets/L2Luggage_Orange 1.prefab
  artifactKey: Guid(ddba9e4e67642d24ea6dd4028b701bdf) Importer(815301076,1909f56bfc062723c751e8b465ee728b)
Start importing Assets/L2Luggage_Orange 1.prefab using Guid(ddba9e4e67642d24ea6dd4028b701bdf) Importer(815301076,1909f56bfc062723c751e8b465ee728b) (PreviewImporter) -> (artifact id: 'bf1b7f3375ddedc6514b2b73af172fae') in 0.0108812 seconds
Number of updated asset objects reloaded before import = 0Number of asset objects unloaded after import = 11

========================================================================
Received Import Request.
  Time since last request: 2.250450 seconds.
  path: Assets/L2Luggage_Pink.prefab
  artifactKey: Guid(c328f2eef9f96a24a82f51ed726ade64) Importer(815301076,1909f56bfc062723c751e8b465ee728b)
Start importing Assets/L2Luggage_Pink.prefab using Guid(c328f2eef9f96a24a82f51ed726ade64) Importer(815301076,1909f56bfc062723c751e8b465ee728b) (PreviewImporter) -> (artifact id: '50a47591d2130f8f79d79f83ef68e693') in 0.0137519 seconds
Number of updated asset objects reloaded before import = 0Number of asset objects unloaded after import = 11

========================================================================
Received Import Request.
  Time since last request: 2.449016 seconds.
  path: Assets/L2Luggage_PinkPolka.prefab
  artifactKey: Guid(fa55ac3529cff0a4f900476afc95040f) Importer(815301076,1909f56bfc062723c751e8b465ee728b)
Start importing Assets/L2Luggage_PinkPolka.prefab using Guid(fa55ac3529cff0a4f900476afc95040f) Importer(815301076,1909f56bfc062723c751e8b465ee728b) (PreviewImporter) -> (artifact id: '884295586513769c8c1a603f75054ee7') in 0.0080051 seconds
Number of updated asset objects reloaded before import = 0Number of asset objects unloaded after import = 11

========================================================================
Received Import Request.
  Time since last request: 2.629861 seconds.
  path: Assets/L2Luggage_Purple 1.prefab
  artifactKey: Guid(0882e5db6e8768b4d8f9429bcb246b04) Importer(815301076,1909f56bfc062723c751e8b465ee728b)
Start importing Assets/L2Luggage_Purple 1.prefab using Guid(0882e5db6e8768b4d8f9429bcb246b04) Importer(815301076,1909f56bfc062723c751e8b465ee728b) (PreviewImporter) -> (artifact id: 'edc5e59d64bc9f833e1397b8a8cc4647') in 0.0081697 seconds
Number of updated asset objects reloaded before import = 0Number of asset objects unloaded after import = 11

========================================================================
Received Import Request.
  Time since last request: 9.445717 seconds.
  path: Assets/L2Luggage_Red.prefab
  artifactKey: Guid(12ade7ab004f5d14a873748a53cc9695) Importer(815301076,1909f56bfc062723c751e8b465ee728b)
Start importing Assets/L2Luggage_Red.prefab using Guid(12ade7ab004f5d14a873748a53cc9695) Importer(815301076,1909f56bfc062723c751e8b465ee728b) (PreviewImporter) -> (artifact id: 'fd1ffa6f012582c14dcd6ba05943cf66') in 0.0073643 seconds
Number of updated asset objects reloaded before import = 0Number of asset objects unloaded after import = 11

========================================================================
Received Import Request.
  Time since last request: 20174.762095 seconds.
  path: Assets/Scenes/Scene2.unity
  artifactKey: Guid(afe18e1bfae2ee54695f36bc02d52193) Importer(815301076,1909f56bfc062723c751e8b465ee728b)
Start importing Assets/Scenes/Scene2.unity using Guid(afe18e1bfae2ee54695f36bc02d52193) Importer(815301076,1909f56bfc062723c751e8b465ee728b) (PreviewImporter) -> (artifact id: 'b53d3c28a3ac6e2b5ed416d0e776048d') in 0.0243958 seconds
Number of updated asset objects reloaded before import = 0Number of asset objects unloaded after import = 0

========================================================================
Received Import Request.
  Time since last request: 157.853774 seconds.
  path: Assets/Scenes/Scene2.unity
  artifactKey: Guid(afe18e1bfae2ee54695f36bc02d52193) Importer(815301076,1909f56bfc062723c751e8b465ee728b)
Start importing Assets/Scenes/Scene2.unity using Guid(afe18e1bfae2ee54695f36bc02d52193) Importer(815301076,1909f56bfc062723c751e8b465ee728b) (PreviewImporter) -> (artifact id: 'a8ba456d69f087ad8a524ceab983693c') in 0.0050021 seconds
Number of updated asset objects reloaded before import = 0Number of asset objects unloaded after import = 0

========================================================================
Received Import Request.
  Time since last request: 250.153799 seconds.
  path: Assets/Scenes/Scene2.unity
  artifactKey: Guid(afe18e1bfae2ee54695f36bc02d52193) Importer(815301076,1909f56bfc062723c751e8b465ee728b)
Start importing Assets/Scenes/Scene2.unity using Guid(afe18e1bfae2ee54695f36bc02d52193) Importer(815301076,1909f56bfc062723c751e8b465ee728b) (PreviewImporter) -> (artifact id: '7fb6b713e4651c3099951257f31d2c31') in 0.0044906 seconds
Number of updated asset objects reloaded before import = 0Number of asset objects unloaded after import = 0

========================================================================
Received Prepare
Refreshing native plugins compatible for Editor in 2.35 ms, found 4 plugins.
Preloading 0 native plugins for Editor in 0.00 ms.
Unloading 34 Unused Serialized files (Serialized files now loaded: 0)
Unloading 6759 unused Assets / (4.8 MB). Loaded Objects now: 7651.
Memory consumption went from 164.3 MB to 159.4 MB.
Total: 286.191700 ms (FindLiveObjects: 2.477700 ms CreateObjectMapping: 0.447800 ms MarkObjects: 278.764400 ms  DeleteObjects: 4.499900 ms)

Prepare: number of updated asset objects reloaded= 0
========================================================================
Received Prepare
Refreshing native plugins compatible for Editor in 3.79 ms, found 4 plugins.
Preloading 0 native plugins for Editor in 0.00 ms.
Unloading 34 Unused Serialized files (Serialized files now loaded: 0)
Unloading 6759 unused Assets / (7.0 MB). Loaded Objects now: 7651.
Memory consumption went from 164.2 MB to 157.2 MB.
Total: 15.008700 ms (FindLiveObjects: 1.012000 ms CreateObjectMapping: 0.769800 ms MarkObjects: 8.063000 ms  DeleteObjects: 5.162500 ms)

Prepare: number of updated asset objects reloaded= 0
========================================================================
Received Prepare
Refreshing native plugins compatible for Editor in 3.42 ms, found 4 plugins.
Preloading 0 native plugins for Editor in 0.00 ms.
Unloading 34 Unused Serialized files (Serialized files now loaded: 0)
Unloading 6759 unused Assets / (7.3 MB). Loaded Objects now: 7651.
Memory consumption went from 164.2 MB to 156.9 MB.
Total: 16.090800 ms (FindLiveObjects: 1.194600 ms CreateObjectMapping: 0.646900 ms MarkObjects: 8.169400 ms  DeleteObjects: 6.078200 ms)

Prepare: number of updated asset objects reloaded= 0
========================================================================
Received Prepare
Begin MonoManager ReloadAssembly
- Loaded All Assemblies, in  2.537 seconds
Refreshing native plugins compatible for Editor in 1.52 ms, found 4 plugins.
Native extension for Android target not found
Native extension for WindowsStandalone target not found
Mono: successfully reloaded assembly
- Finished resetting the current domain, in  0.911 seconds
Domain Reload Profiling: 3446ms
	BeginReloadAssembly (1288ms)
		ExecutionOrderSort (0ms)
		DisableScriptedObjects (243ms)
		BackupInstance (0ms)
		ReleaseScriptingObjects (2ms)
		CreateAndSetChildDomain (567ms)
	RebuildCommonClasses (54ms)
	RebuildNativeTypeToScriptingClass (10ms)
	initialDomainReloadingComplete (44ms)
	LoadAllAssembliesAndSetupDomain (1140ms)
		LoadAssemblies (978ms)
		RebuildTransferFunctionScriptingTraits (0ms)
		AnalyzeDomain (431ms)
			TypeCache.Refresh (45ms)
				TypeCache.ScanAssembly (1ms)
			BuildScriptInfoCaches (331ms)
			ResolveRequiredComponents (14ms)
	FinalizeReload (911ms)
		ReleaseScriptCaches (0ms)
		RebuildScriptCaches (0ms)
		SetupLoadedEditorAssemblies (701ms)
			LogAssemblyErrors (0ms)
			InitializePlatformSupportModulesInManaged (17ms)
			SetLoadedEditorAssemblies (5ms)
			BeforeProcessingInitializeOnLoad (202ms)
			ProcessInitializeOnLoadAttributes (409ms)
			ProcessInitializeOnLoadMethodAttributes (62ms)
			AfterProcessingInitializeOnLoad (5ms)
			EditorAssembliesLoaded (1ms)
		ExecutionOrderSort2 (0ms)
		AwakeInstancesAfterBackupRestoration (13ms)
Refreshing native plugins compatible for Editor in 1.25 ms, found 4 plugins.
Preloading 0 native plugins for Editor in 0.00 ms.
Unloading 34 Unused Serialized files (Serialized files now loaded: 0)
Unloading 6770 unused Assets / (6.2 MB). Loaded Objects now: 7552.
Memory consumption went from 163.6 MB to 157.4 MB.
Total: 7.683600 ms (FindLiveObjects: 1.000300 ms CreateObjectMapping: 0.423400 ms MarkObjects: 3.744600 ms  DeleteObjects: 2.514400 ms)

Prepare: number of updated asset objects reloaded= 0
========================================================================
Received Prepare
Refreshing native plugins compatible for Editor in 3.39 ms, found 4 plugins.
Preloading 0 native plugins for Editor in 0.00 ms.
Unloading 34 Unused Serialized files (Serialized files now loaded: 0)
Unloading 6759 unused Assets / (6.8 MB). Loaded Objects now: 7552.
Memory consumption went from 163.6 MB to 156.8 MB.
Total: 18.074000 ms (FindLiveObjects: 0.689600 ms CreateObjectMapping: 0.458100 ms MarkObjects: 11.667600 ms  DeleteObjects: 5.257100 ms)

Prepare: number of updated asset objects reloaded= 0
========================================================================
Received Prepare
Begin MonoManager ReloadAssembly
- Loaded All Assemblies, in  0.847 seconds
Refreshing native plugins compatible for Editor in 1.20 ms, found 4 plugins.
Native extension for Android target not found
Native extension for WindowsStandalone target not found
Mono: successfully reloaded assembly
- Finished resetting the current domain, in  0.658 seconds
Domain Reload Profiling: 1504ms
	BeginReloadAssembly (229ms)
		ExecutionOrderSort (0ms)
		DisableScriptedObjects (20ms)
		BackupInstance (0ms)
		ReleaseScriptingObjects (0ms)
		CreateAndSetChildDomain (46ms)
	RebuildCommonClasses (29ms)
	RebuildNativeTypeToScriptingClass (11ms)
	initialDomainReloadingComplete (27ms)
	LoadAllAssembliesAndSetupDomain (549ms)
		LoadAssemblies (430ms)
		RebuildTransferFunctionScriptingTraits (0ms)
		AnalyzeDomain (219ms)
			TypeCache.Refresh (14ms)
				TypeCache.ScanAssembly (1ms)
			BuildScriptInfoCaches (192ms)
			ResolveRequiredComponents (9ms)
	FinalizeReload (658ms)
		ReleaseScriptCaches (0ms)
		RebuildScriptCaches (0ms)
		SetupLoadedEditorAssemblies (528ms)
			LogAssemblyErrors (0ms)
			InitializePlatformSupportModulesInManaged (9ms)
			SetLoadedEditorAssemblies (4ms)
			BeforeProcessingInitializeOnLoad (103ms)
			ProcessInitializeOnLoadAttributes (346ms)
			ProcessInitializeOnLoadMethodAttributes (61ms)
			AfterProcessingInitializeOnLoad (4ms)
			EditorAssembliesLoaded (0ms)
		ExecutionOrderSort2 (0ms)
		AwakeInstancesAfterBackupRestoration (11ms)
Refreshing native plugins compatible for Editor in 1.19 ms, found 4 plugins.
Preloading 0 native plugins for Editor in 0.00 ms.
Unloading 34 Unused Serialized files (Serialized files now loaded: 0)
Unloading 6770 unused Assets / (5.7 MB). Loaded Objects now: 7555.
Memory consumption went from 163.6 MB to 157.9 MB.
Total: 9.924500 ms (FindLiveObjects: 1.350400 ms CreateObjectMapping: 0.311900 ms MarkObjects: 5.678300 ms  DeleteObjects: 2.583200 ms)

Prepare: number of updated asset objects reloaded= 0
========================================================================
Received Prepare
Refreshing native plugins compatible for Editor in 4.30 ms, found 4 plugins.
Preloading 0 native plugins for Editor in 0.00 ms.
Unloading 34 Unused Serialized files (Serialized files now loaded: 0)
Unloading 6759 unused Assets / (7.1 MB). Loaded Objects now: 7555.
Memory consumption went from 163.7 MB to 156.6 MB.
Total: 11.615400 ms (FindLiveObjects: 0.475600 ms CreateObjectMapping: 0.313000 ms MarkObjects: 5.968100 ms  DeleteObjects: 4.857200 ms)

Prepare: number of updated asset objects reloaded= 0
========================================================================
Received Prepare
Begin MonoManager ReloadAssembly
- Loaded All Assemblies, in  1.017 seconds
Refreshing native plugins compatible for Editor in 1.59 ms, found 4 plugins.
Native extension for Android target not found
Native extension for WindowsStandalone target not found
Mono: successfully reloaded assembly
- Finished resetting the current domain, in  0.739 seconds
Domain Reload Profiling: 1755ms
	BeginReloadAssembly (231ms)
		ExecutionOrderSort (0ms)
		DisableScriptedObjects (20ms)
		BackupInstance (0ms)
		ReleaseScriptingObjects (0ms)
		CreateAndSetChildDomain (50ms)
	RebuildCommonClasses (44ms)
	RebuildNativeTypeToScriptingClass (12ms)
	initialDomainReloadingComplete (32ms)
	LoadAllAssembliesAndSetupDomain (698ms)
		LoadAssemblies (508ms)
		RebuildTransferFunctionScriptingTraits (0ms)
		AnalyzeDomain (295ms)
			TypeCache.Refresh (16ms)
				TypeCache.ScanAssembly (1ms)
			BuildScriptInfoCaches (251ms)
			ResolveRequiredComponents (24ms)
	FinalizeReload (739ms)
		ReleaseScriptCaches (0ms)
		RebuildScriptCaches (0ms)
		SetupLoadedEditorAssemblies (589ms)
			LogAssemblyErrors (0ms)
			InitializePlatformSupportModulesInManaged (12ms)
			SetLoadedEditorAssemblies (3ms)
			BeforeProcessingInitializeOnLoad (133ms)
			ProcessInitializeOnLoadAttributes (373ms)
			ProcessInitializeOnLoadMethodAttributes (59ms)
			AfterProcessingInitializeOnLoad (8ms)
			EditorAssembliesLoaded (0ms)
		ExecutionOrderSort2 (0ms)
		AwakeInstancesAfterBackupRestoration (17ms)
Refreshing native plugins compatible for Editor in 1.40 ms, found 4 plugins.
Preloading 0 native plugins for Editor in 0.00 ms.
Unloading 34 Unused Serialized files (Serialized files now loaded: 0)
Unloading 6770 unused Assets / (8.3 MB). Loaded Objects now: 7558.
Memory consumption went from 163.5 MB to 155.3 MB.
Total: 11.112300 ms (FindLiveObjects: 0.601300 ms CreateObjectMapping: 0.538100 ms MarkObjects: 5.147300 ms  DeleteObjects: 4.824300 ms)

Prepare: number of updated asset objects reloaded= 0
========================================================================
Received Prepare
Refreshing native plugins compatible for Editor in 3.74 ms, found 4 plugins.
Preloading 0 native plugins for Editor in 0.00 ms.
Unloading 34 Unused Serialized files (Serialized files now loaded: 0)
Unloading 6759 unused Assets / (7.1 MB). Loaded Objects now: 7558.
Memory consumption went from 163.7 MB to 156.6 MB.
Total: 17.884900 ms (FindLiveObjects: 0.717100 ms CreateObjectMapping: 0.632700 ms MarkObjects: 9.714800 ms  DeleteObjects: 6.818200 ms)

Prepare: number of updated asset objects reloaded= 0
========================================================================
Received Prepare
Begin MonoManager ReloadAssembly
- Loaded All Assemblies, in  0.978 seconds
Refreshing native plugins compatible for Editor in 1.21 ms, found 4 plugins.
Native extension for Android target not found
Native extension for WindowsStandalone target not found
Mono: successfully reloaded assembly
- Finished resetting the current domain, in  0.692 seconds
Domain Reload Profiling: 1670ms
	BeginReloadAssembly (244ms)
		ExecutionOrderSort (0ms)
		DisableScriptedObjects (14ms)
		BackupInstance (0ms)
		ReleaseScriptingObjects (0ms)
		CreateAndSetChildDomain (63ms)
	RebuildCommonClasses (43ms)
	RebuildNativeTypeToScriptingClass (15ms)
	initialDomainReloadingComplete (30ms)
	LoadAllAssembliesAndSetupDomain (646ms)
		LoadAssemblies (496ms)
		RebuildTransferFunctionScriptingTraits (0ms)
		AnalyzeDomain (257ms)
			TypeCache.Refresh (14ms)
				TypeCache.ScanAssembly (1ms)
			BuildScriptInfoCaches (229ms)
			ResolveRequiredComponents (11ms)
	FinalizeReload (692ms)
		ReleaseScriptCaches (0ms)
		RebuildScriptCaches (0ms)
		SetupLoadedEditorAssemblies (550ms)
			LogAssemblyErrors (0ms)
			InitializePlatformSupportModulesInManaged (9ms)
			SetLoadedEditorAssemblies (3ms)
			BeforeProcessingInitializeOnLoad (117ms)
			ProcessInitializeOnLoadAttributes (376ms)
			ProcessInitializeOnLoadMethodAttributes (41ms)
			AfterProcessingInitializeOnLoad (4ms)
			EditorAssembliesLoaded (0ms)
		ExecutionOrderSort2 (0ms)
		AwakeInstancesAfterBackupRestoration (12ms)
Refreshing native plugins compatible for Editor in 1.72 ms, found 4 plugins.
Preloading 0 native plugins for Editor in 0.00 ms.
Unloading 34 Unused Serialized files (Serialized files now loaded: 0)
Unloading 6770 unused Assets / (5.9 MB). Loaded Objects now: 7561.
Memory consumption went from 163.6 MB to 157.6 MB.
Total: 10.003600 ms (FindLiveObjects: 0.626700 ms CreateObjectMapping: 0.523400 ms MarkObjects: 5.299200 ms  DeleteObjects: 3.552600 ms)

Prepare: number of updated asset objects reloaded= 0
========================================================================
Received Import Request.
  Time since last request: 2648.041156 seconds.
  path: Assets/Images/S8(12).png
  artifactKey: Guid(e6452ab8523a2c2458a5a1d1f17b37e6) Importer(815301076,1909f56bfc062723c751e8b465ee728b)
Start importing Assets/Images/S8(12).png using Guid(e6452ab8523a2c2458a5a1d1f17b37e6) Importer(815301076,1909f56bfc062723c751e8b465ee728b) (PreviewImporter) -> (artifact id: 'c787bc560e1545842f955baeffab8936') in 0.0879254 seconds
Number of updated asset objects reloaded before import = 0Number of asset objects unloaded after import = 3

========================================================================
Received Import Request.
  Time since last request: 172.419747 seconds.
  path: Assets/Images/S7(12).png
  artifactKey: Guid(ddd4062555c66dd4da7f73a4dfd4699c) Importer(815301076,1909f56bfc062723c751e8b465ee728b)
Start importing Assets/Images/S7(12).png using Guid(ddd4062555c66dd4da7f73a4dfd4699c) Importer(815301076,1909f56bfc062723c751e8b465ee728b) (PreviewImporter) -> (artifact id: '787f09425ab03255c060215a4bbb1af6') in 0.0156665 seconds
Number of updated asset objects reloaded before import = 0Number of asset objects unloaded after import = 3

========================================================================
Received Import Request.
  Time since last request: 43.656537 seconds.
  path: Assets/Images/S7(12).png
  artifactKey: Guid(ddd4062555c66dd4da7f73a4dfd4699c) Importer(815301076,1909f56bfc062723c751e8b465ee728b)
Start importing Assets/Images/S7(12).png using Guid(ddd4062555c66dd4da7f73a4dfd4699c) Importer(815301076,1909f56bfc062723c751e8b465ee728b) (PreviewImporter) -> (artifact id: '53f1445335299dcf58a35a7af3c10edf') in 0.0119266 seconds
Number of updated asset objects reloaded before import = 0Number of asset objects unloaded after import = 3

========================================================================
Received Import Request.
  Time since last request: 358.813006 seconds.
  path: Assets/Images/S6(12).png
  artifactKey: Guid(12321da5be7e23c47aeeab8e100fb272) Importer(815301076,1909f56bfc062723c751e8b465ee728b)
Start importing Assets/Images/S6(12).png using Guid(12321da5be7e23c47aeeab8e100fb272) Importer(815301076,1909f56bfc062723c751e8b465ee728b) (PreviewImporter) -> (artifact id: '217e11b8410a37e5c323e5104970d56a') in 0.0160558 seconds
Number of updated asset objects reloaded before import = 0Number of asset objects unloaded after import = 4

========================================================================
Received Import Request.
  Time since last request: 44.135327 seconds.
  path: Assets/Images/S6(12).png
  artifactKey: Guid(12321da5be7e23c47aeeab8e100fb272) Importer(815301076,1909f56bfc062723c751e8b465ee728b)
Start importing Assets/Images/S6(12).png using Guid(12321da5be7e23c47aeeab8e100fb272) Importer(815301076,1909f56bfc062723c751e8b465ee728b) (PreviewImporter) -> (artifact id: '18a5d6a66253b83e018f4df9a94228ff') in 0.020775 seconds
Number of updated asset objects reloaded before import = 0Number of asset objects unloaded after import = 4

========================================================================
Received Import Request.
  Time since last request: 481.344461 seconds.
  path: Assets/Scenes/Scene2.unity
  artifactKey: Guid(afe18e1bfae2ee54695f36bc02d52193) Importer(815301076,1909f56bfc062723c751e8b465ee728b)
Start importing Assets/Scenes/Scene2.unity using Guid(afe18e1bfae2ee54695f36bc02d52193) Importer(815301076,1909f56bfc062723c751e8b465ee728b) (PreviewImporter) -> (artifact id: '186e2cbc5b713aca76a29c79c1e73cca') in 0.0018476 seconds
Number of updated asset objects reloaded before import = 0Number of asset objects unloaded after import = 0

========================================================================
Received Import Request.
  Time since last request: 241.503566 seconds.
  path: Assets/Scripts/SwitchControllerMultiDirection.cs
  artifactKey: Guid(bb50949345b38e444b2629905528bcc9) Importer(815301076,1909f56bfc062723c751e8b465ee728b)
Start importing Assets/Scripts/SwitchControllerMultiDirection.cs using Guid(bb50949345b38e444b2629905528bcc9) Importer(815301076,1909f56bfc062723c751e8b465ee728b) (PreviewImporter) -> (artifact id: '56e4fc06f2bca61fe7388752d5a1000a') in 0.0020635 seconds
Number of updated asset objects reloaded before import = 0Number of asset objects unloaded after import = 0

========================================================================
Received Import Request.
  Time since last request: 1268.997546 seconds.
  path: Assets/Scripts/S7.prefab
  artifactKey: Guid(01e2987f2eb7c2d449b228b8233a0d2b) Importer(815301076,1909f56bfc062723c751e8b465ee728b)
Start importing Assets/Scripts/S7.prefab using Guid(01e2987f2eb7c2d449b228b8233a0d2b) Importer(815301076,1909f56bfc062723c751e8b465ee728b) (PreviewImporter) -> (artifact id: '682d51fa2541813afb3950da2471922a') in 0.5008848 seconds
Number of updated asset objects reloaded before import = 0Number of asset objects unloaded after import = 13

========================================================================
Received Import Request.
  Time since last request: 2483.945654 seconds.
  path: Assets/Scenes/Scene2.unity
  artifactKey: Guid(afe18e1bfae2ee54695f36bc02d52193) Importer(815301076,1909f56bfc062723c751e8b465ee728b)
Start importing Assets/Scenes/Scene2.unity using Guid(afe18e1bfae2ee54695f36bc02d52193) Importer(815301076,1909f56bfc062723c751e8b465ee728b) (PreviewImporter) -> (artifact id: 'd2f502835abec7c08f17390c1ac7bc05') in 0.0081538 seconds
Number of updated asset objects reloaded before import = 0Number of asset objects unloaded after import = 0

========================================================================
Received Import Request.
  Time since last request: 495.840663 seconds.
  path: Assets/Scripts/GameManager.cs
  artifactKey: Guid(c47b7d9cecdef524b84d4d406d6d6052) Importer(815301076,1909f56bfc062723c751e8b465ee728b)
Start importing Assets/Scripts/GameManager.cs using Guid(c47b7d9cecdef524b84d4d406d6d6052) Importer(815301076,1909f56bfc062723c751e8b465ee728b) (PreviewImporter) -> (artifact id: 'c4be8ebb7616f358dc8e6f81a4e805b0') in 0.0056573 seconds
Number of updated asset objects reloaded before import = 0Number of asset objects unloaded after import = 0

========================================================================
Received Import Request.
  Time since last request: 366.425123 seconds.
  path: Assets/Scenes/Scene2.unity
  artifactKey: Guid(afe18e1bfae2ee54695f36bc02d52193) Importer(815301076,1909f56bfc062723c751e8b465ee728b)
Start importing Assets/Scenes/Scene2.unity using Guid(afe18e1bfae2ee54695f36bc02d52193) Importer(815301076,1909f56bfc062723c751e8b465ee728b) (PreviewImporter) -> (artifact id: 'a0a6a326162d0d3a65a55dba3450a50c') in 0.005656 seconds
Number of updated asset objects reloaded before import = 0Number of asset objects unloaded after import = 0

